gene	community
OR10H2	1
RTP2	1
OR2G2	1
KRT17	2
KRT76	2
TNNI1	3
TNNT2	3
TNNC1	3
AGXT2	4
DAO	4
FGG	5
SPP2	5
STC2	5
BPIFB2	5
CCKAR	6
NTS	6
BMP5	7
BMP7	7
TDGF1	7
TMEM176A	8
TMEM176B	8
MS4A14	8
PLXNB1	9
SEMA5A	9
ADAMTS17	9
ADAMTS15	10
THSD7B	10
CD300C	11
LILRB1	11
MTRNR2L1	12
MTRNR2L10	12
PADI3	13
TEX35	13
PADI1	13
CASS4	14
NME8	14
ZCWPW1	14
FMN1	15
WDFY4	15
OR2Z1	16
RTP3	16
OR5B12	16
OR2K2	16
OR13A1	16
OR2L3	16
OR2T11	16
OR10H1	16
OR6K6	16
CRH	17
TAAR2	17
IFI44	18
IFI44L	18
RSAD2	18
HERC5	18
OAS3	18
IFIT1	18
IFIT3	18
IFIT5	18
IFIT2	18
EIF2AK2	18
MX1	18
DDX58	18
CMPK2	18
OAS1	18
XAF1	18
IFIH1	18
IFI6	18
IFITM3	18
OAS2	18
PARP12	18
IFI16	18
GBP1	18
GBP5	18
ISG15	18
DHX58	18
OASL	18
DDX60	18
IFITM1	18
DTX3L	18
PARP14	18
MX2	18
HERC6	18
PML	18
TRIM22	18
ADAR	18
HELZ2	18
PARP9	18
IFI35	18
TRIM5	18
DDX60L	18
CARD16	18
CASP1	18
CAMP	18
MMP8	18
FCGR1A	18
FCGR1B	18
SAMD9	18
SAMD9L	18
GBP2	18
DDX3X	18
KDM6A	18
RNF213	18
LCN2	18
HLA-F	18
TLR1	18
TLR6	18
UBE2L6	18
AGRN	18
MOV10	18
USP18	18
RTP4	18
TRIM38	18
TRIM25	18
CSF2RB	18
LYN	18
FCGR2A	18
TAP1	18
HCK	18
WAS	18
LILRB3	18
LTA4H	18
GBP6	18
HLA-DQB1	18
HLA-DRB1	18
MAPK14	18
ARGLU1	18
SNRNP70	18
BST2	18
TNFRSF1A	18
NOD2	18
S100A12	18
S100A9	18
TAP2	18
FBXO6	18
HLA-A	18
HLA-E	18
APOL2	18
LAMP3	18
CASP5	18
XPO6	18
AIM2	18
MNDA	18
NCF2	18
HLA-DQA1	18
ACOX1	18
CREBBP	18
PRKCD	18
TPM2	18
TTN	18
KDM5C	18
PARP10	18
LY96	18
GCA	18
SDCBP	18
CAMKK2	18
ACTN1	18
TUBA1A	18
FRAT1	18
FRAT2	18
PGLYRP1	18
GAB2	18
PDLIM7	18
SVIL	18
TRIM21	18
CSF3R	18
SPATS2L	18
UBE2D1	18
CASP4	18
BPI	18
CHMP5	18
CD274	18
PDCD1LG2	18
NDE1	18
NT5C2	18
MCL1	18
S100A8	18
PNISR	18
ZFC3H1	18
CFLAR	18
ACO1	18
IGF1R	18
PPM1F	18
DAPP1	18
PIK3AP1	18
IFNAR1	18
IFNGR2	18
CEP63	18
PTEN	18
NCF4	18
FBXL5	18
ITPRIP	18
ST8SIA4	18
IMPDH1	18
NOTCH1	18
TLE3	18
OLFM4	18
TRIM6	18
PACSIN2	18
REPS2	18
RAF1	18
ARRB2	18
SLC25A44	18
NLRC5	18
CARD17	18
EHBP1L1	18
PYGL	18
ALOX5	18
IL1RN	18
MYD88	18
NDEL1	18
LTBR	18
RNF31	18
VASP	18
ZYX	18
SRPK1	18
TNFRSF10C	18
NEDD4	18
PSMB8	18
SAMHD1	18
ARHGAP27	18
TREX1	18
RICTOR	18
CANT1	18
RERE	18
ARAP1	18
SKAP2	18
IQGAP1	18
LRRFIP1	18
FBXL13	18
TRIM9	18
TYROBP	18
RC3H1	18
ARHGAP26	18
FAR2	18
VSIG4	18
RIPK1	18
GBP4	18
IFI30	18
QPCT	18
LCP2	18
NBN	18
SBNO2	18
GRB2	18
MAP3K1	18
PPP1R15A	18
TGFBR2	18
CDK5RAP3	18
PLIN3	18
TMEM43	18
NAIP	18
ZBP1	18
RNASET2	18
IL10RB	18
MAP3K5	18
ADAMTSL4	18
MVP	18
NUMB	18
SIPA1L1	18
GSN	18
ICAM1	18
FHL3	18
PATL1	18
MYADM	18
LRRK2	18
MYO1F	18
CASC3	18
CHST15	18
ZFYVE16	18
SOD2	18
UBR2	18
RNASEL	18
NAB1	18
NMI	18
PFKFB3	18
LUC7L3	18
PNN	18
ACSL1	18
XRN1	18
TNFSF13B	18
TLR5	18
PELI1	18
PELI2	18
IL1B	18
DISC1	18
ACOT9	18
KDM6B	18
PRKX	18
RRM2B	18
SPAG9	18
DYNLT1	18
IGSF6	18
NADK	18
CARD8	18
NLRP1	18
MAPK3	18
LITAF	18
SMCHD1	18
AMPD2	18
AMPD3	18
DUSP1	18
TSC22D3	18
DYNC1LI1	18
TKT	18
LGALS3BP	18
PAK2	18
HERC3	18
WSB1	18
AGO4	18
PGD	18
LILRA6	18
PTPRC	18
TBL1X	18
PSME2	18
DOCK5	18
KIAA0232	18
UBA1	18
COL18A1	18
ITGA5	18
AGTRAP	18
JAK2	18
ISG20	18
MEFV	18
PRKD2	18
NLRP3	18
TRIM27	18
KPNB1	18
PTPN6	18
WDFY3	18
JAK3	18
SOCS3	18
CHMP2A	18
MAP1LC3A	18
TLE4	18
TLR4	18
BTN2A1	18
BTN2A2	18
IDO1	18
NUAK2	18
PPP1R12A	18
UBA7	18
PREX1	18
RHOG	18
TRIM14	18
DNAJC3	18
SF3B1	18
SRRM2	18
JPX	18
ELANE	18
KLHL2	18
FMR1	18
LACTB	18
ZNFX1	18
DIP2B	18
MSL1	18
ENTPD1	18
ORM1	18
PIK3CD	18
PLEKHG6	18
RALB	18
KBTBD7	18
PTPRE	18
THBS3	18
CASP8	18
KIF1B	18
KCNRG	18
TRIM13	18
CNN2	18
GMPR2	18
GK	18
SLCO3A1	18
IPO4	18
MED13L	18
SEMA4D	18
EMILIN2	18
OS9	18
INTS3	18
ANKRD13D	18
ANTXR2	18
DEFA4	18
IL1R1	18
IL1R2	18
STK3	18
EXT1	18
LENG8	18
RPGR	18
APC	18
NIN	18
APBB1IP	18
PNPT1	18
IGF2R	18
HDAC4	18
HDAC7	18
CTSL	18
PSME1	18
CRK	18
FNIP1	18
RRAGD	18
NEDD9	18
MYH11	18
ANKRD28	18
CBL	18
IL6R	18
DICER1	18
GTPBP1	18
IVNS1ABP	18
LAP3	18
EXOC6	18
STX3	18
FAS	18
TSPAN2	18
DDX17	18
UBE2W	18
RNF149	18
TAPBP	18
OPLAH	18
FES	18
HSH2D	18
CPPED1	18
GLS	18
SIGLEC9	18
BID	18
MICAL1	18
RAPGEF3	18
RAB11FIP1	18
RELT	18
TLR2	18
HP	18
PLIN5	18
CDA	18
RHOQ	18
TAGAP	18
RNF13	18
IPMK	18
ITPK1	18
TTC14	18
NUP50	18
SRPK2	18
CSNK1D	18
CPD	18
SERPINA1	18
SHISA5	18
EPS15L1	18
FLOT1	18
ZDHHC18	18
OSTF1	18
ARID4A	18
ARID4B	18
ARAP3	18
AP5B1	18
SPG11	18
PHF20L1	18
NCF1	18
ALAS1	18
WIPF1	18
FANCA	18
REC8	18
TRIOBP	18
TRIM56	18
AP1G2	18
SEC31B	18
LRG1	18
UNC119	18
ATP6V0B	18
ATP6V1B2	18
DAZAP2	18
LASP1	18
FLOT2	18
MED12	18
WWP2	18
SH3BP2	18
UBE2J1	18
SAT1	18
MLKL	18
LRRC4	18
CD163	18
MS4A6A	18
ST3GAL2	18
AOC2	18
AOC3	18
BICD2	18
RAB18	18
GSDMD	18
TIMP2	18
RRP12	18
NABP1	18
PHTF1	18
C15orf39	18
IL17RA	18
GABARAPL1	18
TP53INP2	18
SH2B2	18
CPNE2	18
RBM5	18
SLPI	18
QKI	18
AVIL	18
PLXDC2	18
DSE	18
NRG1	18
CAPZA1	18
GOLGB1	18
PAN2	18
SRSF5	18
ALCAM	18
CD44	18
ATXN7	18
EP300	18
ACAA1	18
SMC1A	18
OSCAR	18
CCDC97	18
ZRANB2	18
ARPC5	18
LRRFIP2	18
VAV1	18
ARHGAP25	18
ITIH2	18
TMOD2	18
GNAI2	18
HSPA6	18
CNOT11	18
APOL1	18
RAB8A	18
PPTC7	18
ST3GAL4	18
USP4	18
MDM4	18
TNRC6B	18
STX10	18
IFITM2	18
PJA2	18
PSMB9	18
PXN	18
COLGALT1	18
PSMB10	18
CHD1	18
PLEKHO2	18
TREM1	18
TREML2	18
SDHAP1	18
FKBP15	18
STX11	18
ACTR3	18
ARPC2	18
CETP	18
CIR1	18
DHX34	18
LAT2	18
LUC7L	18
APP	18
LSP1	18
SH2D3C	18
ADAM17	18
ARHGEF2	18
MAP3K11	18
GALT	18
IL11RA	18
ITGA1	18
AATK	18
MTMR10	18
LMNB1	18
THOC5	18
RPS6KA5	18
ATP6V1A	18
AFF1	18
PIAS1	18
DOK3	18
DOK4	18
SERPING1	18
DENND5A	18
STK40	18
FAM126B	18
ARHGEF11	18
NT5C3A	18
RIPK3	18
G6PD	18
TLDC2	18
RAB1A	18
MARK2	18
APOA2	18
RHOT2	18
C1QB	18
KMT2C	18
FNDC3B	18
VAMP3	18
TLN1	18
TNFRSF14	18
CDK19	18
APOBEC3G	18
FAM53C	18
ARHGAP4	18
C1GALT1	18
CSK	18
CLK1	18
CLK4	18
CTNNA1	18
RNF19B	18
KIF13A	18
MSRB1	18
TXN	18
CHIT1	18
ORM2	18
NEK6	18
USP9X	18
ORAI2	18
ARPC3	18
RAC1	18
CLEC4E	18
ACSL4	18
AOC1	18
C1QA	18
CRISP3	18
FCGRT	18
MPZL1	18
HGS	18
TRPC4AP	18
GIMAP4	18
RBM47	18
TEP1	18
RNPC3	18
LMO2	18
LIMK2	18
IRAK4	18
ZC3H3	18
NFKBIA	18
RPS6KA3	18
FKBP1A	18
NEAT1	18
STARD3	18
MAN1A1	18
RAB33B	18
MAP7D2	18
MPO	18
LAMTOR4	18
CHMP1B	18
DAPK2	18
MAPK1	18
LRP10	18
HIPK3	18
PATL2	18
TGFA	18
PAK1	18
SORT1	18
KLHL21	18
UBE2R2	18
SDHAP2	18
AANAT	18
C1QC	18
PPP1R18	18
FCGR2B	18
PSMD13	18
PTGS2	18
EPHB4	18
MMP9	18
YPEL5	18
RLIM	18
ARHGEF10	18
SRGN	18
TNFSF10	18
MAP3K2	18
MAP4K4	18
JMJD6	18
SNX20	18
FMNL1	18
PIM2	18
IFNAR2	18
PPP1R3B	18
PLCG2	18
MED25	18
TYK2	18
CLK2	18
DUSP22	18
AP5Z1	18
ZC3HAV1	18
EPHB1	18
TCTN1	18
ARHGEF40	18
CSF1	18
NKTR	18
TNFAIP6	18
MTMR3	18
EGLN1	18
DPYD	18
TYMP	18
TCN1	18
IQGAP2	18
GALNS	18
LRWD1	18
STK38L	18
PFKFB4	18
PANK2	18
PGAP1	18
SPP1	18
ZFP36	18
PSMB3	18
ZDHHC17	18
ARRDC4	18
CLEC1B	18
CWC25	18
TRIM26	18
RNPEP	18
CAST	18
MYO9B	18
UNC13D	18
RTN4	18
RIT1	18
HSPA1A	18
DSC2	18
PI3	18
CD55	18
RAB31	18
MSH3	18
RPA2	18
HRK	18
CAP1	18
BOD1L1	18
LPCAT3	18
FCGR2C	18
ARRDC3	18
ARSA	18
CAPZA2	18
AREL1	18
CUL3	18
OGT	18
RPS6KA1	18
SNX27	18
FAM8A1	18
CLIP1	18
PLEKHO1	18
NUFIP2	18
ATG7	18
FBXW8	18
GIT2	18
MANSC1	18
PRKAG2	18
NPEPPS	18
GMIP	18
ELL	18
MLLT1	18
RAB24	18
RB1CC1	18
PARP4	18
PHC2	18
ACIN1	18
WSB2	18
VEGFA	18
MBP	18
RAB5C	18
FAM168A	18
AZU1	18
GALNT3	18
NOP10	18
SULT1B1	18
MSL3	18
CYTH2	18
ATP6V0D1	18
BRD8	18
PRPF38B	18
RBM25	18
KMT2D	18
RCOR1	18
WIPF2	18
CSNK1G2	18
TNIP1	18
RBMS1	18
PPP3CA	18
UBE4B	18
C2	18
GAS7	18
DDX5	18
MIA3	18
RGL2	18
RASSF3	18
MYO5A	18
RNF111	18
ZC3H11A	18
SMG1	18
SMG5	18
CDK16	18
RASSF2	18
PLIN4	18
BAZ1A	18
CSNK1A1L	18
CNTNAP3	18
CAMK2G	18
AZI2	18
PHIP	18
MAP2K4	18
CCNL1	18
ROCK1	18
GPR141	18
STXBP3	18
PRKCB	18
STAM2	18
TBC1D1	18
ANKRD44	18
CDK11A	18
NAGK	18
TALDO1	18
MAP2K6	18
NOD1	18
LGALS9	18
NUB1	18
APAF1	18
JAG1	18
TESK2	18
LBR	18
DUSP6	18
AQP9	18
CPSF7	18
CLIC1	18
C18orf25	18
MARCKS	18
ALOX5AP	18
CAMK1D	18
TRIB1	18
CD14	18
FAM91A1	18
B3GNTL1	18
SLC43A2	18
YIPF3	18
HIP1	18
FAM160B1	18
CACNA1A	18
EFHD2	18
HEBP2	18
STX16	18
VAMP1	18
CEP19	18
SUPT4H1	18
TDRD9	18
ULK1	18
IL2RG	18
SASH3	18
MYH10	18
SLC12A7	18
IP6K2	18
ASPH	18
SNX13	18
TDP2	18
PSTPIP2	18
DMXL2	18
RP2	18
ANP32A	18
MCC	18
STAG2	18
PLK3	18
BASP1	18
RSRP1	18
CD58	18
XRN2	18
USP32	18
CYTH4	18
MAP3K6	18
ITSN2	18
JMJD1C	18
KDM4B	18
TBK1	18
PBXIP1	18
PICALM	18
SOS2	18
CLASRP	18
PGM2	18
OSBPL11	18
UBXN2B	18
FAM174A	18
LRSAM1	18
FAM185A	18
ATG2A	18
CARD6	18
TRAPPC8	18
NOTCH2	18
LIN7A	18
ITGB4	18
PRPF3	18
STS	18
BTNL8	18
UBQLN2	18
KIAA0319	18
KRAS	18
SETX	18
RAB27A	18
GBP3	18
MAP7D1	18
ZFP36L1	18
DOCK2	18
UNK	18
SEC24D	18
NIT1	18
PPP1R9B	18
IL1RAP	18
MKNK1	18
B2M	18
USP15	18
DEDD2	18
CMTM4	18
RHBDF2	18
GTPBP2	18
PEX6	18
STX7	18
BCL2A1	18
STX17	18
TAOK2	18
CDC42EP3	18
LRFN1	18
SLC8A1	18
GLRX	18
KLC1	18
RNF185	18
FNBP4	18
ACAP2	18
MBOAT7	18
HGF	18
OR52K1	18
COL17A1	18
MSRA	18
GOLGA2	18
C5AR2	18
SLC12A9	18
COLGALT2	18
COLQ	18
RNF217	18
MAP3K3	18
MME	18
NXF1	18
RBM6	18
KPTN	18
UBE4A	18
SNX18	18
TRIM8	18
ZNF106	18
BTAF1	18
UHRF2	18
APOL6	18
ABHD5	18
SNRK	18
ARSG	18
CLCN6	18
CLEC7A	18
TBC1D14	18
BMP2	18
EDEM2	18
RAB2A	18
ARG1	18
SETD1B	18
EDEM3	18
SEL1L	18
FEM1C	18
KLHL5	18
PPP4R1	18
RAD21	18
CHST11	18
COL7A1	18
GRIPAP1	18
PHF12	18
POLD3	18
CHRNB2	18
CARHSP1	18
ATP7B	18
ARHGAP9	18
LONRF1	18
ERP44	18
SEC61A2	18
TUBB6	18
SYT2	18
FTH1	18
EIF4E3	18
LGALS8	18
GORASP1	18
NAPA	18
DCP2	18
CDK17	18
TDRD7	18
TMC8	18
TRAF1	18
HPSE	18
CACNA1E	18
CFD	18
ZFYVE26	18
STX12	18
CCNJL	18
COG5	18
ABAT	18
LATS2	18
CYTH1	18
CYTIP	18
FGL2	18
GBA	18
IL13RA1	18
LY86	18
SEMA3B	18
PPP1R10	18
XRCC3	18
RIN3	18
C3orf62	18
PPP1R3D	18
STK4	18
CNTNAP1	18
PCF11	18
CNOT3	18
KSR1	18
DNM2	18
PAPSS1	18
ACOT8	18
ATG16L2	18
VPS37C	18
DDAH2	18
HLA-H	18
MYL12B	18
TCIRG1	18
GGA1	18
MON2	18
GALK1	18
NLGN3	18
SERPINB1	18
FCHO1	18
TK2	18
PYCARD	18
SLC12A4	18
NDST1	18
SDC2	18
HSDL2	18
TAGLN2	18
HSD3B7	18
FUT4	18
PPIF	18
C4BPA	18
SPATA13	18
TLR7	18
UNC93B1	18
CDC123	18
SULF2	18
FCHSD1	18
TOR1AIP2	18
RNF146	18
COG4	18
NAPB	18
TNFAIP3	18
NFKBIE	18
EXOC1	18
CCDC93	18
PADI2	18
RBM26	18
FGD6	18
LYST	18
FGD4	18
SSH2	18
KAT6A	18
HK2	18
FBXL20	18
LIMK1	18
NUCB1	18
INPP5A	18
HERC4	18
ANAPC4	18
KLHL9	18
ZC3H12A	18
CALML4	18
MIR29A	18
SGSH	18
CHMP1A	18
PLEKHA5	18
NISCH	18
ITCH	18
TBKBP1	18
HEG1	18
SLC4A2	18
CTTNBP2NL	18
CCNL2	18
TBC1D2B	18
MAPKAPK2	18
RCSD1	18
MOB3C	18
FBXO11	18
APPL2	18
METTL3	18
SHKBP1	18
CD209	18
ANKRD13A	18
UHRF1BP1L	18
MOB1A	18
ITM2B	18
PHF11	18
ASAH1	18
DBNL	18
OSMR	18
SLC51A	18
SLC9A1	18
BBS2	18
SLC7A3	18
NAV2	18
TMEM167A	18
DNAH17	18
IDS	18
TAOK3	18
BCL2L11	18
SLC31A2	18
BTN3A3	18
TBXAS1	18
DAGLB	18
STX4	18
PRR13	18
IKBKB	18
HK3	18
SORD	18
FGF13	18
BAIAP2	18
SH3GLB1	18
RAB5A	18
VPS53	18
B3GNT2	18
AKAP13	18
CPVL	18
MICU1	18
PLXNC1	18
MAPRE3	18
SPATA20	18
OR2B11	18
SAPCD2	18
DOCK8	18
B4GALT5	18
MTRF1L	18
PDK1	18
CEP164	18
UBN1	18
CORO1C	18
OBSCN	18
UVRAG	18
VPS39	18
FIG4	18
CYB561	18
LMNA	18
SH3BP1	18
DENND3	18
GDI1	18
SAP25	18
IL5RA	18
ENTPD4	18
STXBP2	18
NLN	18
ERI1	18
CHUK	18
PPCDC	18
AKT1	18
KIT	18
SLK	18
TRA2A	18
ACSS2	18
GCC1	18
IMPA2	18
RBM39	18
ST3GAL6	18
CMTR1	18
CC2D2A	18
ARHGAP30	18
LRCH4	18
ERGIC1	18
MSR1	18
FAM20C	18
LEP	18
IRS2	18
MOK	18
FCHSD2	18
ABI1	18
ASAP1	18
IL27	18
MR1	18
MCMBP	18
EXOC8	18
INTS6-AS1	18
CNEP1R1	18
PPP1R15B	18
RAB32	18
ANAPC13	18
NRBP2	18
CTSG	18
PRKG2	18
TRAPPC12	18
TSC1	18
MAP7	18
PABPC1L	18
HORMAD1	18
SCN9A	18
KIAA1671	18
WDFY1	18
PIP5K1A	18
DDHD1	18
IFFO1	18
NCKAP5L	18
VCPIP1	18
HNRNPLL	18
CLK3	18
SPSB2	18
PHKA2	18
CCNY	18
UNKL	18
MRPL16	18
ABHD12B	18
CCNT2	18
NOMO2	18
PFKP	18
PRKAR1A	18
FAM20A	18
KIF5C	18
KIF5B	18
LEMD2	18
SGSM3	18
RSPH9	18
PDLIM2	18
EPB41L5	18
VPS13B	18
TNFSF13	18
TMEM165	18
EFCAB12	18
RAB35	18
RAB13	18
BACE1	18
OR52K2	18
ABR	18
CCDC149	18
SGK1	18
PTTG1IP	18
RAB40C	18
PSTPIP1	18
VPS29	18
SYK	18
RNF114	18
ZNRF2	18
HTATIP2	18
SCO2	18
DUSP18	18
USP10	18
SLC39A1	18
STX2	18
TRIM36	18
TRIM39	18
RNF130	18
POLB	18
CPEB2	18
TNFAIP2	18
KAT2A	18
TAF1C	18
IKBIP	18
MAST3	18
TPD52L2	18
RASA1	18
AKIRIN2	18
UBE2B	18
IQCE	18
EPM2AIP1	18
VPS52	18
PDK3	18
PSMA3	18
RFT1	18
MAML1	18
CCM2	18
RBBP6	18
PPL	18
TSC22D4	18
MIR29C	18
MAML2	18
BROX	18
EZH1	18
PCGF3	18
BCL3	18
FBXO41	18
CCDC57	18
HMGCR	18
MAU2	18
SCRN1	18
HDAC10	18
PYGM	18
ASGR1	18
SEC22B	18
ARHGDIB	18
CNGB1	18
PKD2	18
CBS	18
UBASH3A	18
SYNJ2BP	18
KIAA1958	18
ARL11	18
PPP4C	18
COG3	18
F11R	18
PGAM2	18
CCPG1	18
RNASE3	18
MAP1S	18
EFEMP2	18
PRPF39	18
PSENEN	18
BCLAF1	18
IFNGR1	18
SORL1	18
SKIV2L	18
WIPI1	18
TNIP2	18
IP6K1	18
MYH7B	18
PELO	18
BLZF1	18
CHRNG	18
BTN3A2	18
HTRA2	18
ZRSR2	18
NSMAF	18
RIPK2	18
RPL36A	18
PAN3	18
ADAP2	18
ARL3	18
MMS19	18
BIRC7	18
RAPGEF2	18
LMO4	18
CFP	18
SIRT7	18
SPOPL	18
MCM9	18
TRAPPC2	18
NEB	18
RNF144B	18
ANKRD23	18
PLEKHN1	18
SLC1A2	18
NECAB2	18
TXLNG	18
TRIM69	18
ATG3	18
TLR10	18
HOOK2	18
OTUD5	18
GPX3	18
ZCCHC14	18
ROR2	18
SAMD4B	18
COG1	18
ACAP1	18
TLR9	18
UBA3	18
SCN5A	18
SLC37A3	18
MMP14	18
TIAM2	18
SCAF11	18
CAPN3	18
GALM	18
LYSMD2	18
SMARCD3	18
PECAM1	18
SAP30L	18
PCYT1A	18
ATXN1	18
TP53BP2	18
CLCN5	18
EXOC3	18
TBC1D10B	18
FAM114A1	18
SBF2	18
GTF2H2	18
XPC	18
IER2	18
MTCH1	18
CMTM3	18
VWDE	18
TRIP4	18
UPF1	18
LYVE1	18
FLT4	18
TPR	18
WTAP	18
SRGAP2	18
NBR1	18
AGER	18
DCDC2B	18
CALCOCO1	18
SPTBN5	18
RGP1	18
LAMB1	18
MALAT1	18
ECHDC2	18
LSM8	18
CAPN13	18
TJP2	18
CITED4	18
RNF135	18
IL4R	18
DNAH7	18
DOK1	18
MAEA	18
ASPRV1	18
HCLS1	18
ARPC1A	18
FHOD1	18
SUOX	18
OXLD1	18
NAV1	18
CAND2	18
EPHA1	18
PAF1	18
EVI2A	18
SLC16A3	18
GK3P	18
NLRC4	18
ITFG2	18
SZT2	18
TMEM120A	18
PRPF4B	18
STRN	18
PRKAG3	18
NCLN	18
BMF	18
CLTCL1	18
ENTPD2	18
CTDP1	18
COL9A2	18
ANXA3	18
FAM118A	18
CAT	18
TLR8	18
ERCC6L	18
WDFY2	18
PNKP	18
IST1	18
MVB12A	18
DGCR2	18
PLEKHM1	18
SERPIND1	18
LRP8	18
PYROXD1	18
TBRG4	18
MPZL3	18
MIR21	18
SAMD4A	18
HARS2	18
LDB1	18
BLOC1S2	18
PRKAB2	18
CLIC4	18
UBC	18
NCAPH2	18
MYO10	18
MCM3AP	18
HYDIN	18
NBPF1	18
EPHB2	18
TGFB2	18
DDX39A	18
GGA3	18
MCU	18
MAP4K2	18
MCM3AP-AS1	18
GOLGA1	18
CCNH	18
DUSP12	18
RABAC1	18
SRP14	18
UBTD1	18
B9D2	18
MYEF2	18
UBE2J2	18
UBOX5	18
PNPLA6	18
HDAC5	18
ARHGAP24	18
NUTM1	18
ZMYND10	18
TCTN2	18
ATP6V0A1	18
KCTD21	18
CCDC146	18
TNPO3	18
USP19	18
PDE4B	18
DPH1	18
HELB	18
POLA2	18
HECW2	18
FMNL2	18
SPG21	18
FBXL8	18
RASSF6	18
EDRF1	18
IRAK3	18
N4BP1	18
NFKBIB	18
BCORL1	18
RYBP	18
ABHD16A	18
DECR1	18
NUDT16	18
ACVRL1	18
DTNBP1	18
TMEM44	18
APH1B	18
DEF8	18
PKN2	18
TP53I11	18
MIR29B2	18
DOCK7	18
PRTN3	18
DNMT3A	18
TRDMT1	18
PRRG4	18
PLEKHB2	18
SMG7	18
KPNA1	18
NT5E	18
SRPK3	18
SLC29A1	18
RASSF5	18
UPB1	18
GIMAP8	18
POLR2C	18
SCG3	18
RUFY3	18
BANP	18
DYRK1A	18
TMLHE	18
DAPK1	18
FGD3	18
TUFT1	18
VAMP5	18
PCYOX1L	18
TIMP1	18
GOLM1	18
NPRL2	18
TAF12	18
ARFIP1	18
GPATCH11	18
POLD4	18
TRAPPC3	18
HNRNPH3	18
B3GALNT2	18
IL17RC	18
SGTB	18
DENND6B	18
PKP2	18
KDM1B	18
FDXR	18
VMP1	18
KMT2E	18
RASA2	18
GRHPR	18
NIPBL	18
XIAP	18
CNIH4	18
GPM6A	18
KDELR3	18
KIFC2	18
MKLN1	18
BTBD9	18
BBS1	18
SPATA5L1	18
KIAA0319L	18
RALGAPA2	18
CBFA2T3	18
ITGA9	18
CD300LB	18
CBWD3	18
NPHP3	18
C9orf72	18
CPEB3	18
INTS6	18
LARP4B	18
SLA	18
COL24A1	18
CUL4B	18
INPP5B	18
LRRC8C	18
VAMP4	18
SNORD12B	18
L1CAM	18
EXOC7	18
CPT2	18
CTDSP2	18
USP33	18
BTBD10	18
EFHC1	18
THOC6	18
PSMD6	18
DDX59	18
AGTPBP1	18
PPFIA1	18
TMEM255A	18
F5	18
SIGLEC11	18
ATG4B	18
DTX2	18
GALNT14	18
STRIP1	18
IKBKG	18
ATP6V0E1	18
SIRPB1	18
SSBP4	18
ZMIZ1	18
LCAT	18
NUPR1	18
TPMT	18
CD180	18
CPED1	18
DOCK4	18
WDR91	18
RAB20	18
RECQL5	18
TOP3B	18
TBC1D7	18
VPS4B	18
SMURF1	18
TP53INP1	18
TSKS	18
REV3L	18
PLEKHA7	18
COL9A3	18
EXOC4	18
PTAR1	18
SSH3	18
CKB	18
TMEM79	18
CIITA	18
TCN2	18
TPBG	18
LILRB5	18
RNF167	18
CROCC	18
TMEM91	18
ZSWIM8	18
ATP6V1H	18
CHD2	18
CHKA	18
STARD10	18
SPPL2A	18
MYOM1	18
GCDH	18
AGO3	18
LYPD4	18
DHX8	18
RAB21	18
GCNT2	18
FAN1	18
TRIM33	18
PTP4A3	18
FAR1	18
GPR107	18
GIGYF1	18
MAPK8IP3	18
BAHCC1	18
CDKN1B	18
KDM3A	18
ADAMTS5	18
CDC26	18
TNFRSF10B	18
LRPAP1	18
DNAH8	18
FEZ2	18
TTLL4	18
DXO	18
BICD1	18
BTN3A1	18
CEP170	18
FBXO27	18
INF2	18
TRAF6	18
OSBPL8	18
MPHOSPH6	18
TIPARP	18
THEM4	18
UEVLD	18
HSPA1L	18
VASH1	18
DDO	18
PAPSS2	18
INTS8	18
LRRC29	18
STK19	18
CD101	18
CLHC1	18
IL3	18
PPP1R12B	18
DPH6	18
RGS2	18
ARHGAP22	18
DMD	18
PGM5	18
KBTBD2	18
MYBPC3	18
TNNT3	18
ITPR2	18
CRIP2	18
TBC1D10C	18
BRSK2	18
STRADA	18
SH3BP5L	18
IL23R	18
NRXN1	18
STAMBP	18
CRTC2	18
LGALS2	18
DZIP1L	18
KIF26B	18
SLC38A2	18
FAM160A2	18
ADARB2	18
VPS37B	18
CELF1	18
ACTC1	18
ALOX15	18
GRIP1	18
AMY2B	18
LEPROT	18
TMEM50A	18
MCTS1	18
SPTY2D1	18
SERPINF2	18
VLDLR	18
GALNT11	18
MAP3K8	18
PLEKHF2	18
RTN3	18
NBPF25P	18
TNRC18	18
SLFN12	18
HEMK1	18
GEMIN8	18
SLC25A24	18
MPZ	18
APC2	18
MLF2	18
CLEC3B	18
C9orf106	18
ARFRP1	18
LRFN4	18
SLC27A3	18
TRIM3	18
CCHCR1	18
CELF2	18
GTSF1	18
EVI2B	18
NDOR1	18
CAPN12	18
SYNJ1	18
LPCAT2	18
APBB3	18
THBD	18
SIGLEC7	18
MED12L	18
CCDC9	18
TMEM184B	18
TNK2	18
ERLIN1	18
ABTB1	18
RAD52	18
FBXO40	18
GADD45B	18
SNX10	18
SUMO1P1	18
CARD14	18
SNX2	18
SNX6	18
RAB7A	18
GPR52	18
GRIK1	18
CAPNS2	18
GSK3B	18
GRIN2D	18
MKKS	18
EPHB3	18
ABTB2	18
FBXL3	18
RNF103	18
ARFIP2	18
CDC42EP1	18
LCLAT1	18
PRSS8	18
CDC42EP2	18
DNAH1	18
TMEM107	18
MIR7-1	18
PLA2G15	18
AFTPH	18
TMOD4	18
CMTM1	18
RDH5	18
EFHC2	18
TMEM132A	18
TRADD	18
STRN4	18
UGCG	18
AUH	18
SERINC1	18
SUPT3H	18
SUPT7L	18
RGL4	18
PAXBP1	18
GYS2	18
TTC8	18
SPATA2L	18
DPH7	18
SPRTN	18
SIGLEC10	18
SHBG	18
RFC5	18
RGL1	18
CCDC153	18
RSU1	18
TXLNB	18
ABCA7	18
PTOV1	18
ITGAD	18
DKK3	18
NECAP1	18
FGF11	18
AVPR2	18
GPR150	18
PARVG	18
MID1IP1	18
EFNA5	18
MKNK2	18
UBE2V1	18
SCYL1	18
ACSL3	18
PLEKHG3	18
FBRS	18
FANCL	18
PTPRO	18
GRAMD4	18
CYP17A1	18
FHL1	18
RNF166	18
IRS1	18
TMEM52B	18
GALE	18
ICAM3	18
C12orf66	18
SIK3	18
OR10G2	18
CA14	18
THADA	18
DDX11	18
ARSD	18
STARD8	18
TNS3	18
WLS	18
CD300E	18
GPR108	18
MYO5B	18
SPIRE1	18
HYAL2	18
MSRB2	18
SYCE3	18
OTULIN	18
BMX	18
LMOD1	18
RCN3	18
CBX7	18
IGSF10	18
PLB1	18
BBIP1	18
NFYC-AS1	18
PTGFRN	18
CEP152	18
NADSYN1	18
ARHGAP15	18
MITD1	18
ASB16	18
TRIM41	18
PIGB	18
TMCO3	18
PICK1	18
ATP2A3	18
YTHDC1	18
RHBDD2	18
SUPT20H	18
PPP2R3A	18
TANC2	18
MTHFS	18
ZFAND3	18
CAB39	18
ASB14	18
TOM1L2	18
NLRP6	18
HPGD	18
RASGRP2	18
MAGI2	18
ACTN2	18
AVL9	18
ATP6V1C1	18
FAM122C	18
MANEA	18
CCDC107	18
CES2	18
NPEPL1	18
STAB1	18
SPG7	18
U2AF1	18
TRIM71	18
SLC31A1	18
SNORD25	18
BEX2	18
ING4	18
C14orf93	18
PROC	18
CLEC1A	18
FN1	18
SLC6A6	18
NHSL2	18
SYN2	18
RRAGB	18
HSP90AB4P	18
VSIG8	18
TMEM39A	18
RILPL2	18
DCUN1D3	18
SOAT2	18
ECE1	18
DEF6	18
TMPRSS2	18
C16orf70	18
PPP2R2A	18
TOX4	18
APMAP	18
KDM3B	18
AP5S1	18
CDK2	18
CLIP4	18
GRIP2	18
CACNB4	18
CACNG8	18
NT5C	18
SMIM8	18
RPH3A	18
MAPK8IP1	18
SRBD1	18
AFF2	18
MAST2	18
C2orf73	18
CTSK	18
LSM14B	18
TBCC	18
EPS8	18
SMPD2	18
CHGB	18
GALNT4	18
C1R	18
C1RL	18
SYS1	18
RMI1	18
ENKD1	18
CDC42SE1	18
LPIN2	18
TIFA	18
NOL3	18
PTPRH	18
PRKCZ	18
YIPF1	18
ZC2HC1A	18
AP1M2	18
HEXIM2	18
ANGPTL6	18
RPAP3	18
ALKBH4	18
SIN3B	18
TMEM123	18
TMEM181	18
NOTCH4	18
APOF	18
VTI1A	18
PTBP3	18
RBM12B	18
MTMR14	18
CCDC136	18
TACC3	18
PACS1	18
CHIC2	18
PODXL	18
PGM3	18
DCAF15	18
MIDN	18
MIR29B1	18
LPCAT4	18
CLEC6A	18
TAF1D	18
BCL10	18
FADS2	18
IDO2	18
LILRB4	18
IGF2BP3	18
BIN3	18
PLBD1	18
DHTKD1	18
EPOR	18
AGAP3	18
SMAP2	18
OR6V1	18
PRKCE	18
PSEN2	18
GBP7	18
LRCH1	18
MAP3K12	18
UBE3D	18
HCP5	18
SLC23A1	18
MOB3A	18
NSFL1C	18
TMEM116	18
CUEDC1	18
SLC22A18	18
BEND7	18
NTRK1	18
LPGAT1	18
RUFY1	18
SAT2	18
NUMBL	18
WIF1	19
WNT9A	19
DRD1	20
SCTR	20
NPY1R	21
OPRK1	21
GNG12	21
GRM6	21
EIF3L	22
RPS2	22
RPL34	22
RPS7	22
RPL12	22
RPS25	22
RPL26	22
RPL13	22
RPL4	22
RPL7A	22
RPS8	22
RPL18	22
RPS5	22
RPS16	22
RPL15	22
RPL6	22
RPL11	22
RPL37A	22
RPS15	22
EEF2	22
RPL5	22
EIF3H	22
RPL19	22
RPL29	22
RPL31	22
RPS23	22
RPL3	22
RPL32	22
RPS11	22
RPL35	22
RPL30	22
FAU	22
RPL27	22
RPL24	22
RPL37	22
RPL14	22
PABPC1	22
RPS13	22
RPS27A	22
RPLP0	22
EIF3K	22
RPL22	22
RPL28	22
RPS24	22
RPL38	22
RPS27	22
RPL35A	22
RPL7	22
EEF1B2	22
RPS19	22
RPS3	22
EEF1G	22
RPL23	22
EIF3E	22
TPT1	22
STT3A	22
RPS14	22
RPS21	22
RSL1D1	22
RPL13A	22
SEC11C	22
SSR3	22
RPS3A	22
RPLP1	22
NACA	22
RPL10	22
RPL18A	22
NPM1	22
RPL8	22
RPS20	22
EIF4G1	22
DDX24	22
NCL	22
G3BP2	22
RPL27A	22
RPS6	22
RPL36	22
RPLP2	22
RPSA	22
DDOST	22
RPL10A	22
RPS9	22
RPL23A	22
EIF3I	22
SEC61A1	22
EEF1A1	22
RPS28	22
FBL	22
DDX21	22
EIF3G	22
SSR2	22
EIF4B	22
SERBP1	22
ILF2	22
SPCS1	22
RPS29	22
EIF3A	22
SRP72	22
SSR4	22
TRAM1	22
API5	22
CAND1	22
CHD3	22
EIF3M	22
RPN2	22
EIF2S2	22
SSR1	22
DDX6	22
RPS12	22
RPL7L1	22
SLC25A5	22
EIF3F	22
NOLC1	22
SRP68	22
BTF3	22
DDX18	22
TMEM203	22
EIF2A	22
NIFK	22
WDR43	22
RPS15A	22
NAP1L1	22
GNL3	22
EIF2S1	22
OSTC	22
ABCF1	22
NOB1	22
SDAD1	22
PES1	22
RBM3	22
LARP1	22
WDR36	22
SPCS2	22
YTHDF2	22
PABPC4	22
RRP1B	22
RPN1	22
EIF3D	22
POLR1A	22
EIF5B	22
SEC61B	22
NAT10	22
BMS1	22
PNRC2	22
NHP2	22
PWP2	22
IBTK	22
MYBBP1A	22
NOL6	22
RPS26	22
SPCS3	22
DHX30	22
CNOT6L	22
PRRC2B	22
NOL9	22
GPATCH4	22
LYAR	22
UTP14A	22
PDCD11	22
EIF1B	22
EIF3J	22
SEC61G	22
NOP2	22
WDR46	22
RPL9	22
EIF4H	22
GTPBP4	22
RIOK1	22
MEPCE	22
NOC2L	22
SRPRB	22
RC3H2	22
DDX49	22
GNL2	22
NOP14	22
HEATR1	22
MPHOSPH10	22
UBL4A	22
EXOSC10	22
RPF2	22
TSR1	22
NSUN2	22
MDN1	22
URB1	22
RRS1	22
GRWD1	22
CD81	22
RSL24D1	22
IMP3	22
AHSA1	22
UPF3A	22
DDX27	22
HM13	22
SRP9	22
PRR11	22
DDX54	22
FTSJ1	22
DOHH	22
UTP20	22
NOP58	22
BOP1	22
RPF1	22
DKC1	22
LAS1L	22
PWP1	22
POLR1E	22
HNRNPA1	22
DDX55	22
RPS27L	22
HNRNPUL2	22
ETF1	22
PYHIN1	22
RPL39	22
JOSD1	22
IMP4	22
EIF3B	22
BRIX1	22
ZCCHC3	22
USP14	22
KRTCAP2	22
NOP56	22
KRI1	22
TTC37	22
SEC11A	22
DHX36	22
RCL1	22
USP36	22
FTSJ3	22
DDX10	22
PNO1	22
NAF1	22
DCP1A	22
TRMT6	22
NSA2	22
UTP23	22
DHX33	22
DAD1	22
UTP18	22
RPL22L1	22
EBNA1BP2	22
EIF1	22
EIF5A	22
WDR3	22
RPS4Y1	22
RPS4Y2	22
DHX37	22
DDX52	22
NEDD8	22
AAMP	22
RBM28	22
MRPS6	22
ESF1	22
DCAF13	22
EIF4E	22
KNOP1	22
NOL11	22
RSRC1	22
MRTO4	22
DDX47	22
PELP1	22
EIF2B2	22
PINX1	22
EXOSC2	22
RPL36AL	22
TRMT112	22
RPS18	22
DIMT1	22
CNOT6	22
PHF14	22
EIF6	22
DNAJC21	22
NMD3	22
GSPT1	22
GNL1	22
POP4	22
EEF1D	22
LSG1	22
EIF2B1	22
EXOSC1	22
MAK16	22
MORC2	22
NENF	22
NOL10	22
MRPL1	22
HBS1L	22
EIF5A2	22
HABP4	22
PSIP1	22
EIF2D	22
OST4	22
EXOSC7	22
RPP14	22
RIOK3	22
BCCIP	22
NGRN	22
FCF1	22
HP1BP3	22
POLR1B	22
ZNF593	22
DDX50	22
LTV1	22
WDR12	22
CCDC86	22
RBM34	22
NOM1	22
DENR	22
GNL3L	22
SURF6	22
CSNK1E	22
DUS1L	22
DDX28	22
CNOT4	22
EIF2B5	22
RNF2	22
NIP7	22
DIS3	22
EXOSC3	22
RRP7A	22
STXBP1	22
NOL8	22
SRP54	22
GSPT2	22
WDR18	22
AIMP1	22
SMG8	22
SAP18	22
RITA1	22
NOP16	22
RPSAP58	22
UTP14C	22
RPP38	22
DDX51	22
EIF5	22
SRFBP1	22
ZNF622	22
RBM19	22
TRMT1	22
NOL7	22
PCBP1	22
WDR74	22
MRPL13	22
CTPS1	22
TRMT61A	22
RPS4X	22
RSBN1	22
TDRD3	22
PDCD2L	22
MGMT	22
NAP1L2	22
PVRIG	22
TBL3	22
UBL3	22
DNTTIP2	22
DHX29	22
DHX57	22
POLR1C	22
DIS3L2	22
DLK2	22
TARBP1	22
ALG8	22
RIOK2	22
NPM3	22
EEFSEC	22
PAIP1	22
DIS3L	22
DDX56	22
MAGOH	22
UTP3	22
TSR2	22
TEX10	22
POT1	22
NOP9	22
TMA16	22
RPP30	22
NLE1	22
GTPBP10	22
POP7	22
MRPS9	22
SHQ1	22
NGDN	22
URB2	22
UTP15	22
RRP1	22
CCDC59	22
SUPV3L1	22
GAR1	22
TRMT5	22
FAM199X	22
RRP15	22
WDR75	22
RPL26L1	22
RPL39L	22
VWA8	22
PDE4DIP	22
EXOSC8	22
TFB2M	22
MRPS17	22
AATF	22
PAK1IP1	22
NSUN4	22
IGHMBP2	22
KCTD2	22
EIF2AK4	22
DOLPP1	22
TTC27	22
WDR83OS	22
TMEM258	22
SMG6	22
EMG1	22
C7orf50	22
MRPL21	22
LLPH	22
CLEC4G	22
TMEM104	22
CBX8	22
EXOSC9	22
RABIF	22
TOB1	22
USP13	22
RRP9	22
RANBP6	22
PCBP4	22
EXOSC5	22
RRP8	22
GCHFR	22
SURF2	22
FAM98B	22
MED22	22
DNAJC2	22
ABT1	22
TRUB1	22
EIF2B3	22
PPID	22
DDX31	22
TRMT11	22
IFRD2	22
LARP7	22
ALKBH2	22
ALKBH8	22
RTCA	22
NEFH	22
NEFL	22
TMX2	22
NOC4L	22
TM2D2	22
PNRC1	22
D2HGDH	22
ATAD3B	22
RRP36	22
DUS3L	22
G2E3	22
EIF4A2	22
DTX1	22
DTX4	22
FAM50A	22
DYNLT3	22
POP5	22
FGF10	22
NXPE3	22
SIRPG	22
EMB	22
POLR3C	22
NOC3L	22
CHMP7	22
POP1	22
DTWD2	22
SMKR1	22
EEF1E1	22
PAIP2	22
C1D	22
TRMT12	22
CPNE7	22
MTIF3	22
FN3KRP	22
RPP40	22
GZMM	22
LGR6	22
CDKN2AIPNL	22
TSG101	22
PDP2	22
RNF43	22
ISG20L2	22
PCBD1	22
CENPQ	22
LIX1L	22
ORMDL2	22
LRIF1	22
SERF2	22
MRPL22	22
FRG1	22
ANKRD11	22
TMED1	22
EXOSC6	22
SFTPD	22
RPP25	22
FIGNL1	22
KRT14	23
KRT36	23
LCE4A	24
LCE5A	24
NYX	25
SHROOM1	25
KLK11	26
PCDH20	26
MYH1	27
MYH7	27
MYH6	27
KRT34	28
KRT84	28
RCVRN	29
SCRN3	29
CAMK2A	30
GRM1	30
NLGN1	30
TIMM10B	31
RAI1	31
AIFM3	31
LZTR1	31
SUGP2	31
MSI2	31
CALB1	32
OSGIN2	32
TBCEL	33
TECTA	33
KRT6B	34
KRT7	34
NES	34
CACNG2	35
GRIN2B	35
PTPN5	35
EPHA6	36
EPHA7	36
KCND1	37
KCNIP2	37
CYP2B6	38
UGT1A10	38
SLC22A16	39
TMEM164	39
FLVCR1	39
CDH12	40
CDH7	40
CDH9	40
NPBWR1	41
PPY	41
FAH	42
HGD	42
ATP1A4	43
FXYD3	43
CDH23	44
CLRN1	44
GSTM1	45
GSTM2	45
GPX2	45
GSTM4	45
LCE1F	46
TCHH	46
CYP1A1	47
CYP2A13	47
DPY19L3	48
PAPLN	48
CLEC2D	49
LSR	49
GPR89A	49
FRMD5	49
CCDC130	50
KDM8	50
ROPN1L	51
RSPH3	51
EGFR	52
NLRP10	52
SLITRK3	52
HS6ST3	52
SDC3	52
SNAP91	52
LAD1	52
RAET1G	53
TECTB	53
MC4R	54
NPY	54
GHRHR	54
CALCR	54
GABBR2	54
GABRA4	54
CCL4L1	54
TAS2R7	54
ADCY8	54
PCED1B	55
S100PBP	55
DPEP2	56
DPEP3	56
CCDC183	57
CEP131	57
SUCO	58
TAPT1	58
IL18R1	59
IL18RAP	59
GJB2	60
MUC13	60
APOC3	61
GPC3	61
DHRS4	62
TYSND1	62
IFT22	63
PARD6B	63
ADAMTS19	64
ADAMTS9	64
CBWD1	65
FAM3B	65
KBTBD13	66
SPSB4	66
GPR4	67
PROKR2	67
HTR2C	68
KISS1	68
PCDH15	69
USH1G	69
CHCHD7	70
COX19	70
BCS1L	70
CIRBP	71
KHDRBS2	71
CTC1	71
ACAD8	72
FAM161B	72
DOCK3	73
SLC9A9	73
ANO8	74
MXRA8	74
LAMC2	75
MMP20	75
GPRC6A	76
NMB	76
OR2W3	77
REEP4	77
SPRR2B	78
SPRR3	78
IVL	78
ADAMTS10	79
SPON1	79
ADAMTS6	79
ITPKA	80
PLCZ1	80
BSND	81
CLCNKA	81
HBG1	82
HBG2	82
PIP4K2A	82
STRADB	82
MKRN1	82
UBE2O	82
BAG6	82
RMND5A	82
DCUN1D1	82
RNF11	82
DMTN	82
NEDD4L	82
PF4	82
PPBP	82
HUWE1	82
FGFR1OP2	82
STRN3	82
DCAF12	82
DCAF6	82
CDC27	82
RNF14	82
AP2M1	82
BSG	82
LGALS3	82
RNF182	82
RUNDC3A	82
SLC25A39	82
HBZ	82
BCL2L1	82
BNIP3L	82
MAP1LC3B	82
RNF10	82
SNCA	82
OAZ1	82
PSMF1	82
MYL4	82
TMOD1	82
SIAH2	82
HBA2	82
HBB	82
HBA1	82
ITGA2B	82
ITGB3	82
FBXW7	82
THBS1	82
UBE2H	82
FBXL4	82
TRIP12	82
ITGB5	82
CDC34	82
PIM1	82
ALAS2	82
SLC4A1	82
AHSP	82
EPB42	82
KAT2B	82
UBA52	82
FBXO9	82
DCAF7	82
EPB41	82
SPTB	82
UBB	82
MPP1	82
OPTN	82
FBXO7	82
PCBP2	82
LTBP1	82
TFRC	82
YIPF6	82
FKBP8	82
CTTN	82
ANK1	82
SPTA1	82
FCHO2	82
MARK3	82
TMCC2	82
DNAJC6	82
UBE3C	82
RNF123	82
SHARPIN	82
IGF2BP2	82
STAU1	82
MEX3C	82
GYPA	82
GYPB	82
ABCB10	82
FECH	82
ZRANB1	82
VCL	82
CLU	82
CBLB	82
XPO7	82
TULP4	82
CHMP4B	82
CDC42BPA	82
SKA3	82
MAP2K3	82
MICAL2	82
ANKRD9	82
FAM104A	82
UBXN6	82
RNF220	82
AP2A1	82
PRDX2	82
UTY	82
CUL4A	82
WDR26	82
KRT72	82
KRT73	82
GID4	82
RANBP10	82
GPS1	82
ARL6IP1	82
PSME4	82
PTPRA	82
ANAPC1	82
UBE2N	82
FTL	82
HDGF	82
YOD1	82
UBR4	82
MMRN1	82
SPARC	82
VHL	82
AGO2	82
RAD23A	82
UBQLN1	82
GNA12	82
GNAS	82
GYPC	82
MRC2	82
FBXW2	82
HECTD1	82
SKP1	82
COPS3	82
UBE3A	82
SLC38A5	82
TMEM63B	82
CUL1	82
UBE2G1	82
PPP2R5B	82
ARHGAP6	82
RHOBTB1	82
RALBP1	82
UBE2G2	82
SRXN1	82
TPM1	82
CCNF	82
GNAZ	82
GNG11	82
UBR1	82
NCOA4	82
RANBP9	82
SLC1A5	82
PINK1	82
WNK1	82
COPS2	82
NEMF	82
PTK2	82
GABARAPL2	82
ASCC2	82
COMMD9	82
DNM3	82
DZIP3	82
CARD11	82
ATP6V0C	82
SLC25A37	82
FURIN	82
UBE2Q2	82
KEAP1	82
LRRC41	82
UBE2Z	82
WBP2	82
UBL7	82
FIP1L1	82
PPP1CB	82
FAM210B	82
TSPAN5	82
HMBS	82
HBQ1	82
FBXO21	82
UFL1	82
RNF115	82
FEM1A	82
BTBD1	82
FUNDC2	82
SEC62	82
TGM2	82
SERPINE1	82
FAM98A	82
CDH1	82
UBAP2	82
CARM1	82
RNF126	82
FBXW4	82
PFDN5	82
UBE2D2	82
UBE2K	82
TRIM58	82
FBXW5	82
UBE2E3	82
POLL	82
PRPSAP2	82
SPECC1	82
TXLNGY	82
ITSN1	82
ITGA2	82
CTNNAL1	82
TNS1	82
UBE2E1	82
FBXO31	82
GP6	82
SELP	82
GPS2	82
LRR1	82
FOLR3	82
JUP	82
FEM1B	82
RHAG	82
BMP2K	82
COMMD6	82
TAX1BP1	82
BAG1	82
DNAJB4	82
TBC1D22B	82
AMFR	82
ADAMTS1	82
PRKAR2B	82
GLUL	82
UBE2Q1	82
MYLK	82
MPP6	82
CA1	82
USP7	82
CUL5	82
TRIM44	82
SPON2	82
TCF25	82
SACS	82
WWP1	82
UBE2A	82
VTI1B	82
GSK3A	82
MAMLD1	82
SH3GL1	82
EVPL	82
USP47	82
CNTLN	82
DENND4A	82
STYX	82
MORC3	82
POC1B	82
HERC1	82
FBXL14	82
COPS4	82
DCAF5	82
GID8	82
SRSF8	82
NEK1	82
NUP54	82
SLC7A5	82
CAPN5	82
CDK8	82
PLCL2	82
RNF26	82
ASH2L	82
OXTR	82
UBE2V2	82
FCER1A	82
MS4A2	82
EGF	82
KLHDC3	82
RAB3IL1	82
BABAM1	82
KRT1	82
LRRC7	82
BFAR	82
ZC3H6	82
F13A1	82
CUL2	82
MFHAS1	82
UBA6	82
DDA1	82
ANAPC5	82
PDHX	82
NUP62CL	82
KCNH2	82
VWF	82
ADRA2A	82
LPIN1	82
COPS6	82
COMMD2	82
PPM1A	82
ANXA11	82
TRIM10	82
UBE2D3	82
CALD1	82
CDC23	82
DUSP23	82
CTSE	82
KDM7A	82
SETD2	82
CCNB1IP1	82
TBC1D25	82
GP1BA	82
ASB1	82
ATP1B2	82
CCAR1	82
COPS8	82
PRDX6	82
RETN	82
DCAF10	82
POLR2J	82
ARHGAP21	82
TFPI	82
MINPP1	82
ARIH2	82
TAB3	82
UBE2F	82
CHI3L1	82
TRAF7	82
NUAK1	82
PJA1	82
UBAP1	82
GLRX5	82
RNF6	82
FBXL18	82
HMGN4	82
TERF2IP	82
ANK3	82
KLHL20	82
CAPN15	82
TBL1XR1	82
FBXL17	82
CLIC2	82
SNPH	82
DCAF16	82
DCAF17	82
NUCB2	82
KLHL15	82
WIPI2	82
RNF7	82
PPP6R3	82
IGF2	82
DDI2	82
CADM1	82
NAE1	82
TGFB1I1	82
SH3RF1	82
UBAC1	82
YY1AP1	82
CEP57L1	82
SPSB1	82
ANAPC11	82
WDTC1	82
AP2S1	82
TIAL1	82
FIS1	82
OPA1	82
TUBA8	82
RNF138	82
AGL	82
GP9	82
COPS7B	82
SBDS	82
CRBN	82
KLHL26	82
TLK2	82
TRIM32	82
SORBS3	82
ANKRD17	82
TUBB1	82
TRIM11	82
SAV1	82
CEPT1	82
AKAP7	82
DSP	82
RBX1	82
INPP5K	82
CDYL	82
IREB2	82
MYL9	82
DCAF4	82
QSER1	82
CLDN5	82
ESAM	82
ATXN2	82
ALDH5A1	82
RNF34	82
SH3GLB2	82
LMO7	82
ERCC6	82
CORO1A	82
ZC3HAV1L	82
TRIB2	82
ARHGAP18	82
TRIM23	82
CA2	82
TRIM37	82
ADARB1	82
STRBP	82
RAD23B	82
CXCL5	82
ARHGEF12	82
PIP5K1B	82
VAPB	82
KIAA1586	82
ASB6	82
SEC24B	82
HPS3	82
HK1	82
PDCD10	82
HECTD3	82
UBXN11	82
PPP3R1	82
PF4V1	82
LRP6	82
UFSP2	82
MIB2	82
ABLIM3	82
ARIH1	82
HERC2	82
COMMD1	82
PITPNM2	82
FAM153B	82
ZMYND8	82
EDIL3	82
TACC1	82
ASB2	82
VPS28	82
FAM83D	82
TRAK2	82
PCGF5	82
CCDC22	82
PROS1	82
BTF3L4	82
ABCC4	82
ASB13	82
OSBP2	82
TNNT1	82
RHOB	82
GAN	82
COMMD4	82
ZFAND4	82
TOP1	82
KBTBD8	82
UHRF1BP1	82
TANK	82
RCHY1	82
FBXL12	82
FBXO44	82
MAP1B	82
RELN	82
KRT74	82
BPGM	82
TLN2	82
UBA5	82
TUBA4A	82
LTN1	82
WASF2	82
AKT1S1	82
N4BP2	82
NUP98	82
KIAA0100	82
IFIT1B	82
SOCS7	82
CHL1	82
ATP10A	82
ZZEF1	82
KLHL3	82
CD96	82
CLSTN1	82
CWF19L2	82
RNF157	82
C9orf78	82
HAGH	82
ZNRF1	82
KCTD9	82
RANBP17	82
BTBD2	82
PGPEP1	82
TRAF5	82
TRIM24	82
RNF139	82
SLC25A38	82
DCUN1D5	82
TAB2	82
ST14	82
PRKG1	82
FBXW11	82
ZYG11B	82
UBE2D4	82
IPP	82
PDGFA	82
RCBTB1	82
PPP1R14A	82
ASXL2	82
COBLL1	82
MAP4K5	82
UBE2S	82
KLHL11	82
PARN	82
MAGEE1	82
CDYL2	82
FBXO2	82
KLHL14	82
COPS7A	82
LRRCC1	82
ANAPC7	82
MRGBP	82
TANGO6	82
GP5	82
SFSWAP	82
CDC16	82
KLHL42	82
STUB1	82
BLOC1S6	82
MEA1	82
KRT5	82
DNAJA4	82
SCN3A	82
HEXIM1	82
SFRP2	82
COMMD7	82
DNAJB6	82
RBM33	82
SLC30A4	82
SLC39A10	82
ADAMTS8	82
PLA2G4C	82
STK11	82
ZC4H2	82
KLHDC4	82
FGF2	82
CCNDBP1	82
HACE1	82
RHBDD1	82
PARVB	82
APBA2	82
RNF41	82
TRAF3IP2	82
TMSB4X	82
SPAG7	82
BRAP	82
TAC3	82
FAM32A	82
AMOTL1	82
RAP2A	82
RBM23	82
CSN1S1	82
TAS2R20	82
CUL7	82
TOMM34	82
ZFAND5	82
FBXO30	82
COMMD5	82
GKAP1	82
DNAJB2	82
SHOC2	82
GSE1	82
MOB1B	82
KRT79	82
HPS4	82
BRAF	82
TSR3	82
FAM220A	82
TNFAIP8L1	82
UBE2E2	82
KLHDC2	82
UBE3B	82
SOCS2	82
STRIP2	82
OPHN1	82
ANAPC2	82
PAPOLA	82
GADD45A	82
BTRC	82
NMNAT3	82
TAS2R31	82
ETNK1	82
PCYT2	82
APPBP2	82
DNAH14	82
PKP4	82
ITGB8	82
MAL	82
TAS2R14	82
ZFAND6	82
C1orf87	82
C17orf75	82
ADIPOR1	82
TOLLIP	82
RNF165	82
TNR	82
LRCH3	82
MAP2K2	82
PLCH1	82
RUFY2	82
VSIG2	82
FBXO10	82
DTX3	82
TRIM4	82
PKD1	82
SH3BGRL	82
CXCL3	82
FBXO43	82
PHF7	82
CRYL1	82
EPCAM	82
R3HCC1	82
SAMD1	82
TMSB4Y	82
RFESD	82
ATP6V0E2	82
TUBB2A	82
PDE5A	82
NEURL4	82
TBCCD1	82
RNF25	82
KCTD7	82
GOLGA3	82
DNLZ	82
MAPK8	82
SH2D3A	82
ASAP2	82
THSD7A	82
CISH	82
MEMO1	82
ADD2	82
HTR1B	82
FAM117A	82
STAM	82
SIRT5	82
AQP1	82
TCP11L2	82
MLLT11	82
PDGFB	82
ATF7IP	82
HPS1	82
MUS81	82
UHRF1	82
MOB2	82
C2orf88	82
CDKL1	82
MICU2	82
NEBL	82
C16orf87	82
ROR1	82
PSMA8	82
APLF	82
SNX4	82
DET1	82
GAB1	82
ATAD2B	82
SDC4	82
FBXW9	82
KCTD6	82
HPS5	82
RABL2A	82
DDR1	82
YBEY	82
RNF38	82
OXSR1	82
KBTBD6	82
TSEN2	82
SCN4A	82
SPTBN4	82
GLMN	82
MYL6	82
GNG8	82
IL2RA	82
ARHGAP42	82
TRIM2	82
PPP2R5A	82
UTS2B	82
FAM131B	82
RAB11FIP3	82
SH2D4A	82
OXNAD1	82
HBD	82
UBXN4	82
KLHL13	82
ZMYM1	82
VPS37A	82
UBE2M	82
MYO5C	82
SLC25A23	82
ASB8	82
LPP	82
WASF3	82
H19	82
PGM2L1	82
ANAPC10	82
SKP2	82
CLCN7	82
BTG1	82
FBXL16	82
ZMYM5	82
RABGAP1	82
TRIM59	82
FBXL15	82
CABP5	82
DLL1	82
DHRS4L2	82
BIRC2	82
COMMD10	82
BRWD1	82
CXCL12	82
ODC1	82
DFFB	82
CLEC16A	82
ISCU	82
SPTBN2	82
EEF1A2	82
TAGLN	82
ATP6V1D	82
RGPD2	82
DYRK3	82
CYB5D2	82
IL4	82
SORCS3	82
RCOR3	82
KLHL22	82
MAP2K7	82
TAS2R50	82
ARRDC2	82
SORBS1	82
GAS2L3	82
BTBD6	82
PNPLA2	82
RABGAP1L	82
TSEN54	82
PTPN12	82
FZR1	82
RPA3	82
FAM193B	82
EID2	82
FBXO32	82
MAP2	82
KLHL25	82
DPP4	82
METTL1	82
C1orf116	82
FGFRL1	82
CPOX	82
MMP1	82
SLC52A2	82
WDR55	82
CLCN1	82
PRSS1	82
PDLIM1	82
LSS	82
BMP1	82
RGS10	82
CAPN9	82
EVA1C	82
CNKSR2	82
VPS13A	82
MGRN1	82
SMURF2	82
KRBA1	82
BCL2L14	82
CCDC124	82
BOD1	82
ARMCX5	82
MTHFSD	82
CCDC112	82
ZFYVE21	82
LARP1B	82
YIPF2	82
WDR59	82
FAM153A	82
IL6	82
NCKIPSD	82
KLK1	82
CKS1B	82
LGALS7B	82
B4GALT4	82
PLOD2	82
CMBL	82
HTR4	83
NPSR1	83
ADCYAP1	83
EDNRA	83
GNG3	83
PTH1R	83
NRP1	84
ROBO1	84
ROBO3	84
DPYSL4	84
PCDHA11	85
PCDHA4	85
MFSD11	86
MFSD5	86
GGT7	87
GLS2	87
PNPLA3	88
TM6SF2	88
CAMK4	89
ANKRD52	89
SLC26A6	89
AHI1	89
TRMT2A	89
PPP6R2	89
HIP1R	89
PSPC1	89
MPHOSPH8	89
TBC1D4	89
USP49	89
STAMBPL1	89
PRMT7	89
CEP72	89
LYPD3	89
PASK	89
FAM122B	90
SCRN2	90
MARVELD2	91
NDUFAF1	91
SNAP25	92
SYT16	92
CXCR1	93
CXCR2	93
HCAR2	93
HCAR3	93
ABCA13	93
CEACAM6	93
PSAP	93
CEACAM8	93
FPR1	93
FPR2	93
MMP25	93
LAMP2	93
NFAM1	93
OLR1	93
ADAM8	93
CEACAM3	93
P2RY13	93
GNB2	93
CMTM6	93
SIRPA	93
USP25	93
C5AR1	93
CACNA2D2	93
GNAQ	93
MGAM	93
SLC11A1	93
NAMPT	93
PTAFR	93
ALPL	93
NMUR1	93
S1PR5	93
RAB3D	93
ITGAX	93
CX3CR1	93
S1PR1	93
FCGR3B	93
SLC2A3	93
ADAM10	93
FCER1G	93
PTPRJ	93
ATP8B4	93
MLEC	93
FCAR	93
GPSM3	93
GAA	93
ITGB2	93
ADM	93
HRH2	93
ITGAM	93
FFAR2	93
FFAR3	93
KCNAB2	93
RAP2B	93
CLEC12A	93
C4orf3	93
DEGS1	93
CCR1	93
P2RY14	93
LILRB2	93
PIK3R6	93
CD33	93
CYBB	93
P2RX1	93
PLAUR	93
HLA-B	93
HLA-C	93
CXCL10	93
MTX1	93
CCR2	93
PROK2	93
CCL4	93
ADCY9	93
CCR5	93
ITGAL	93
TSPAN14	93
PRKCH	93
TOM1	93
SLC15A4	93
MCEMP1	93
GNB1	93
SELL	93
SIGLEC14	93
CD177	93
LPAR2	93
MOSPD2	93
BRI3	93
PLEK	93
CD68	93
KCNJ15	93
SLC44A2	93
SNAP23	93
ATP11B	93
NTSR1	93
XCL1	93
CYSTM1	93
ADCY7	93
PDE4A	93
CCL5	93
LPAR5	93
CEACAM1	93
PCP2	93
ADCY4	93
CYBA	93
LAMTOR1	93
F2R	93
NCSTN	93
PSEN1	93
BST1	93
ANXA1	93
INSL3	93
CLEC4D	93
TAS2R40	93
AGPAT2	93
CD36	93
RAP2C	93
GNB4	93
NBEAL2	93
RGS19	93
VNN2	93
PTGDR	93
CKAP4	93
HVCN1	93
CPNE1	93
CPNE3	93
PLCB1	93
GPR84	93
B4GALT1	93
VNN3	93
CR1	93
CXCR3	93
DNAJC5	93
GLIPR1	93
PIK3R5	93
ANXA4	93
ATP11A	93
RAB44	93
TNFRSF1B	93
KCNJ2	93
STK10	93
GNA15	93
PRCP	93
RGS14	93
PLA2G4A	93
CKLF	93
CD82	93
TAS2R39	93
FCN1	93
PLD1	93
GNA13	93
PIK3CG	93
CYSLTR1	93
IQSEC1	93
LY6E	93
NTNG2	93
GNG7	93
DNAJC13	93
P2RY12	93
P2RY10	93
IER3IP1	93
GNG2	93
LYPD2	93
HLA-G	93
LILRA2	93
CD59	93
RAP1A	93
P2RY1	93
GNG10	93
ATP2B1	93
RTN2	93
CXCR6	93
ANO6	93
CD63	93
CD46	93
CD47	93
DRD2	93
HTR1D	93
CHSY1	93
PTPRB	93
GALC	93
SELPLG	93
SCAMP1	93
ALDH3B1	93
HMOX2	93
CLEC4C	93
GNG5	93
TMEM30A	93
LPAR1	93
RAB11A	93
TMBIM1	93
CD1D	93
MANBA	93
CXCL16	93
HEBP1	93
CXorf21	93
CDS2	93
PITPNA	93
S1PR4	93
ITGAV	93
GDF11	93
TMEM25	93
F2RL1	93
FZD6	93
HGSNAT	93
STOM	93
LAIR1	93
ADCY3	93
PTGIR	93
GPR27	93
CXCL9	93
GPR25	93
RXFP2	93
TMBIM4	93
GPBAR1	93
RAB27B	93
CYSLTR2	93
MBOAT1	93
GNGT2	93
P2RY2	93
TTYH3	93
SLCO4C1	93
ENDOD1	93
LPAR3	93
CLEC5A	93
CCR3	93
MCHR1	93
ARL5B	93
SLC20A1	93
SYNGR1	93
EML4	93
MS4A3	93
ATP2B4	93
CCL3	93
ADRB2	93
GYG1	93
TSHR	93
PTGER4	93
TRPM2	93
LPAR6	93
C5	93
CCL3L1	93
RAB14	93
P2RX4	93
P2RX7	93
LAMA5	93
SUSD4	93
CCR4	93
CCR9	93
LGALS9C	93
CALCRL	93
PTGER2	93
CMTM2	93
CD53	93
CXCL8	93
GNRH1	93
CXCL1	93
TAS2R43	93
CTSF	93
S1PR3	93
ORMDL3	93
C3	93
C3AR1	93
CD300A	93
SERPINB6	93
PLCB2	93
LPAR4	93
ANO5	93
NEIL3	93
SLC2A1	93
MFSD12	93
ARL8A	93
TMEM179B	93
SPTLC2	93
GPR65	93
GNAI3	93
TMEM87B	93
LY6G6C	93
TMC6	93
FPR3	93
CCL2	93
PTER	93
GPR68	93
RAMP2	93
RXFP1	93
OXER1	93
PDPK1	93
PGS1	93
ATP8A1	93
TMEM63A	93
F2RL2	93
CXCR5	93
PNOC	93
BRAT1	93
GGT1	93
PTPRK	93
PXDN	93
FRMPD3	93
SVIP	93
S1PR2	93
GHRL	93
PTPRN2	93
ARHGEF25	93
HSD17B3	93
RBFOX3	93
NDST2	93
TRIO	93
SCAP	93
RPE	93
DTNA	93
DGAT1	93
PPFIA3	93
PTPRS	93
TPCN1	93
VNN1	93
CCL1	93
AUP1	93
GPR132	93
ACKR3	93
GGT5	93
PGRMC1	93
XCL2	93
GRK5	93
CCR10	93
TGFBI	93
AVPR1A	93
FAP	93
OPRL1	93
B4GALT2	93
LTB4R	93
SLC2A5	93
PPFIA4	93
SYTL4	93
UTS2	93
ADAM9	93
PIK3CB	93
FZD4	93
SETD7	93
SSTR3	93
PXK	93
B3GALT2	93
RASGRP4	93
CST7	93
GALNT7	93
ADRB1	93
TTLL12	93
TMX4	93
ANPEP	93
CXCL11	93
CCKBR	93
P2RY11	93
CX3CL1	93
CXCL6	93
LILRA1	93
USP3	93
EPSTI1	93
GABBR1	93
SIPA1L2	93
TAZ	93
CCL25	93
HTR1E	93
PISD	93
LAMTOR3	93
ADORA1	93
DGAT2	93
PDE6G	93
PRKAR1B	93
TAS2R3	93
NPFF	93
GNAT2	93
HTR2B	93
PIK3CA	93
ANKRD13C	93
SMOC1	93
TNFSF8	93
FOLR2	93
GSDMB	93
CD93	93
ADCY1	93
LTB4R2	93
RAB38	93
P2RY6	93
TBXA2R	93
TARM1	93
TMEM160	93
AMIGO1	93
PON2	93
PLCB3	93
GNA11	93
TSHB	93
TMEM41B	93
CSAD	93
AGTR1	93
F2RL3	93
CERS5	93
RAB36	93
NCR3	93
KCNQ3	93
MAGI3	93
GPR55	93
LAMTOR2	93
LILRA5	93
RAB37	93
SLC15A3	93
SDC1	93
GRAMD1A	93
SLC27A2	93
TMEM128	93
RAB33A	93
PTH2R	93
PRSS21	93
ADORA2B	93
KRTAP10-3	93
ADORA3	93
SUCNR1	93
CCL8	93
NPRL3	93
SESN3	93
RAB12	93
PDCD4	93
C19orf25	93
NPDC1	93
SCARF1	93
CD80	93
PLAU	93
HCAR1	93
GPR18	93
VAV3	93
RAMP1	93
HTR2A	93
SDHB	93
CXCL2	93
CCL13	93
PTGDR2	93
CEP162	93
CTBS	93
AEN	94
MID2	94
FAM214A	94
BYSL	94
CHI3L2	95
CHID1	95
GAD1	96
SLC6A1	96
PRB4	97
PRH2	97
IL27RA	98
DNAJC18	98
CELSR2	98
PLD6	98
TMEM30B	98
GPR31	99
TAS2R9	99
GNAO1	100
GNG13	100
GNAL	101
OR1M1	101
OR2J3	101
ASPHD2	102
GRPR	102
ATP6V1C2	103
ATP6V1G2	103
APLN	104
GNB3	104
ST3GAL1	105
ST6GALNAC1	105
GALNT6	105
GPC4	105
HPSE2	105
NOMO3	105
XYLT1	105
FAM20B	105
GCNT4	105
IFT80	106
TTC21B	106
COL10A1	107
COL11A2	107
COL26A1	107
COL6A2	107
VWCE	107
COL4A3	107
COL6A1	107
CSH2	108
SOST	108
HS1BP3	109
RWDD2B	109
A2M	110
PZP	110
TUBB	110
HSP90B1	110
PDIA4	110
PPIA	110
PTMA	110
HYOU1	110
LYZ	110
CANX	110
MTDH	110
PPIB	110
CALR	110
PDIA3	110
GRN	110
CALU	110
HSP90AB1	110
IPO7	110
ACTG1	110
GAPDH	110
GPI	110
MDH2	110
TOMM7	110
P4HB	110
CD4	110
CCT4	110
HSPA8	110
ARHGDIA	110
CAPRIN1	110
PDIA6	110
DNAJB11	110
NF2	110
MANF	110
ENO1	110
LDHA	110
ARF6	110
HSPA5	110
PFN1	110
ARL6IP5	110
NRAS	110
COX4I1	110
COX7C	110
HSPA9	110
PARK7	110
MSN	110
RHOA	110
SHMT2	110
NDUFA4	110
HADHA	110
ACLY	110
CYFIP2	110
GANAB	110
PEBP1	110
YWHAE	110
CCT6A	110
VDAC1	110
VCP	110
CALM1	110
IPO5	110
PHB	110
CFL1	110
YWHAQ	110
SND1	110
DIAPH1	110
DERL1	110
SDHA	110
FLNA	110
CCT3	110
TMPO	110
AHNAK	110
ANXA2	110
IDH2	110
MCM2	110
EIF4G2	110
G3BP1	110
AP2B1	110
PTPN11	110
ATP1A1	110
HSP90AA1	110
YWHAG	110
GDI2	110
MAP4	110
CYC1	110
ARFGEF2	110
ESYT1	110
TNFAIP8	110
ACTB	110
ACTN4	110
ALDOA	110
STON2	110
RANBP1	110
AAR2	110
CLTC	110
PKM	110
HOOK3	110
IRAK1	110
ATL3	110
MYH9	110
WDR1	110
CHCHD2	110
ECH1	110
COX6C	110
CYCS	110
PHB2	110
AP1M1	110
LCP1	110
BZW1	110
SLC25A3	110
PPM1G	110
AFG3L2	110
HSD17B10	110
ACO2	110
MCCC2	110
CSNK2B	110
COX5A	110
PPP1CA	110
LRRC59	110
FUBP3	110
ARRB1	110
PLXNB2	110
RRAS	110
CLTA	110
OGDH	110
ARSB	110
GNS	110
YWHAH	110
MAGT1	110
DUSP7	110
PEPD	110
GSTK1	110
GLB1	110
CCT5	110
CD244	110
PUM1	110
CS	110
ATP6V1F	110
UQCRC1	110
CCT7	110
CAPNS1	110
NDUFB9	110
EFTUD2	110
JADE2	110
STARD7	110
FAM126A	110
SZRD1	110
HNRNPAB	110
TUBA1B	110
FNBP1L	110
CLINT1	110
ITGA4	110
HELZ	110
UQCRH	110
ARPC1B	110
SOD1	110
EDEM1	110
TPI1	110
RNF4	110
AIP	110
ATP2A2	110
PRKACA	110
M6PR	110
NNT	110
PDP1	110
MTHFD1	110
PRKACB	110
COTL1	110
TCP1	110
RRBP1	110
IMPDH2	110
TGOLN2	110
ZC3H7B	110
TPM4	110
SEC16A	110
PLD3	110
LMNB2	110
AP3D1	110
TCOF1	110
DENND1B	110
GLO1	110
ARL8B	110
CMPK1	110
DPP7	110
GOT2	110
TMEM230	110
DAZAP1	110
PI4KA	110
NDUFB11	110
IARS2	110
RPAP1	110
SEC63	110
LDLRAD4	110
TOMM40	110
UQCRC2	110
BIN1	110
IMMT	110
FASN	110
CTDNEP1	110
IGBP1	110
PTPN9	110
QSOX1	110
VCAN	110
TIAM1	110
HTT	110
DOCK10	110
DOCK9	110
FAM3C	110
CASP7	110
OLA1	110
SCP2	110
LNPEP	110
RCN1	110
ERGIC3	110
EZR	110
MDH1	110
ADH5	110
ESD	110
RPS19BP1	110
XRCC5	110
CCDC88A	110
STIP1	110
ATP13A2	110
HEXB	110
SNX5	110
DNAJC10	110
COX7A2	110
MTCH2	110
CRELD2	110
NUDCD3	110
QRICH1	110
TGFBR3	110
LONP1	110
NDUFA7	110
SERP1	110
MYO18A	110
PLEC	110
HSPA4	110
GORASP2	110
CCDC117	110
STT3B	110
MTOR	110
FARSA	110
ICMT	110
FAF2	110
CDC42	110
RAC2	110
RAP1GDS1	110
MMGT1	110
ATXN10	110
UGGT1	110
PPP1R16B	110
MAPK7	110
ERLEC1	110
ZFP36L2	110
VKORC1	110
AP1B1	110
PRKAR2A	110
LRP1	110
SRC	110
GLG1	110
MAN2B1	110
EPS15	110
TOMM20	110
RBM27	110
TRPV2	110
TOMM22	110
GLUD1	110
IDH3A	110
SDF2L1	110
LATS1	110
LGALS1	110
MYCBP2	110
CYFIP1	110
COMT	110
FYCO1	110
NDUFB2	110
CCAR2	110
LDHB	110
EIF1AX	110
EIF2S3	110
ACP1	110
YWHAB	110
NDUFS7	110
NDUFA13	110
GART	110
PIGT	110
SUCLG1	110
UFC1	110
CYB5B	110
FNBP1	110
ECSIT	110
MAP2K1	110
OCIAD1	110
SSBP1	110
NDUFV2	110
APRT	110
LUZP1	110
PPP5C	110
AMBRA1	110
DPYSL2	110
YWHAZ	110
H6PD	110
NAGA	110
STMN1	110
GSTP1	110
MGST1	110
RHOU	110
NDUFB7	110
NDUFAB1	110
ARHGEF3	110
RHOC	110
PLAC8	110
TGFB1	110
HSPB1	110
SAE1	110
XPR1	110
SEPHS1	110
TOMM5	110
ABCF2	110
TECR	110
RAB10	110
GM2A	110
CTNNB1	110
PTPN1	110
SYNE1	110
IDH3G	110
NCKAP1L	110
NT5DC2	110
DLAT	110
ARHGAP1	110
TMEM109	110
ALDH18A1	110
HSPD1	110
KTN1	110
ANXA6	110
DAG1	110
IGF1	110
MET	110
CCT2	110
PCGF1	110
TXNDC15	110
NDUFA3	110
COX7A2L	110
EWSR1	110
PHRF1	110
PRDX1	110
AK2	110
CAPN2	110
TSN	110
UBR7	110
PAICS	110
LRPPRC	110
MAGED1	110
MAPKAP1	110
HSD17B12	110
DRG1	110
UQCRFS1	110
ITGB1	110
HERPUD1	110
DENND2D	110
NRROS	110
C1orf43	110
DAB2	110
DNASE2	110
TXN2	110
CDK2AP2	110
LAMP1	110
LAPTM5	110
CFL2	110
S100A10	110
RNASEH2B	110
EIF4E2	110
NDUFS5	110
SLC1A4	110
CCT8	110
UCK2	110
PPT1	110
SH3KBP1	110
PPP6C	110
CRYZ	110
UQCRB	110
METAP2	110
CTSA	110
ATP1B3	110
LETM1	110
MATK	110
SCPEP1	110
NDUFB8	110
VIM	110
TM9SF3	110
YIPF5	110
FUCA2	110
DNAJC7	110
APOOL	110
VAMP8	110
PTDSS1	110
LIMA1	110
ZC3H15	110
WDR82	110
AKAP11	110
NDUFA12	110
NDUFS6	110
COX6B1	110
C11orf58	110
EMC7	110
AGPS	110
CTSH	110
NDUFA5	110
FUCA1	110
PTGDS	110
NDUFA8	110
GIT1	110
EHD4	110
NDUFS2	110
SLC38A1	110
EXOC5	110
MOGS	110
ENG	110
PRDX3	110
MTHFD2	110
GGH	110
DFFA	110
LRRC47	110
SHMT1	110
CSTB	110
KIAA0930	110
ELMO2	110
DNAJB1	110
EMC4	110
CHST12	110
CHST2	110
PDE12	110
GMPS	110
ME2	110
PARL	110
ANXA5	110
TGFBRAP1	110
NDUFV1	110
KDSR	110
NPC1	110
AKR1B1	110
SLC33A1	110
SLC7A1	110
SNX17	110
FLNB	110
HSPBP1	110
IDE	110
SPN	110
SYVN1	110
RPTOR	110
DPP3	110
UAP1	110
CNDP2	110
TXNDC5	110
DLG3	110
ACBD3	110
ELP3	110
SYNJ2	110
TPM3	110
CDC37	110
GNPDA1	110
CAD	110
CTSS	110
TOR4A	110
SLC26A2	110
ELAC2	110
MYL12A	110
VDAC2	110
POFUT1	110
NPLOC4	110
PPP1R7	110
SDF4	110
C20orf27	110
ZC3H4	110
HADHB	110
DNM1L	110
MADD	110
AGK	110
EIF2AK3	110
MICALL1	110
PPP6R1	110
GOLPH3	110
GAK	110
TBCB	110
EDF1	110
CYP20A1	110
PDCD6IP	110
TEX264	110
TMEM209	110
NECAP2	110
ARPC4	110
TIMM13	110
MAP3K4	110
PTPMT1	110
BAG3	110
CSRP1	110
FERMT3	110
YTHDF1	110
SNX1	110
PIP5K1C	110
CTSD	110
ARMC1	110
PCNP	110
POLDIP2	110
AKR1A1	110
ERC1	110
CCDC47	110
PCDH1	110
ACACA	110
ATP6AP2	110
CHMP2B	110
PLP2	110
MIEF1	110
SLC35E1	110
VAT1	110
TPP2	110
SAMM50	110
SLC3A2	110
ZDHHC20	110
FTO	110
AP1S2	110
CTSZ	110
ZMPSTE24	110
AGGF1	110
SLC9A3R1	110
ATP1A3	110
XPO5	110
PRDX4	110
TPD52	110
REPS1	110
PRPS1	110
LAGE3	110
SHC1	110
MAPK6	110
NDUFS4	110
TOMM6	110
GLOD4	110
SRM	110
AGFG1	110
DUSP2	110
BMPR2	110
AGA	110
GOT1	110
VPS36	110
SCAMP2	110
SNTB1	110
CDKAL1	110
HSPH1	110
UBXN1	110
AP1S1	110
NDUFB5	110
TXNDC9	110
DERL3	110
PGAM1	110
S100B	110
DSTN	110
PIGS	110
ADSL	110
IKBKE	110
NMRAL1	110
CAPG	110
PACSIN1	110
CSF1R	110
PRDX5	110
AAK1	110
BLMH	110
PRRC2A	110
ITM2C	110
FABP5	110
ADA	110
CST3	110
METTL7A	110
VANGL1	110
CDK9	110
TKTL1	110
LLGL1	110
PPFIBP2	110
BAG4	110
GIGYF2	110
SLC39A8	110
OTUB1	110
ERP29	110
PKN1	110
ECHDC1	110
PNP	110
GSR	110
ATG101	110
MGAT4A	110
NPC2	110
RNASE2	110
EXOC2	110
VPS35	110
PLXNA4	110
IDH1	110
FKBP4	110
ABCE1	110
SGTA	110
SIK2	110
ORAI1	110
CLN6	110
ILK	110
SLC20A2	110
S100A4	110
S100A6	110
NCEH1	110
CLPB	110
SUCLG2	110
PIK3C2A	110
ESYT2	110
KIAA1191	110
PRNP	110
INPPL1	110
CDK5	110
COL13A1	110
COL6A3	110
DNAJA3	110
GPAA1	110
USP5	110
CD38	110
LARP4	110
RAB8B	110
ATP6AP1	110
INSR	110
ATXN1L	110
YTHDF3	110
SUN2	110
PRKCI	110
FBXO25	110
GYS1	110
CRIP1	110
JMJD8	110
LDLR	110
CEP104	110
PDHB	110
TMCO1	110
SCARB2	110
SMAP1	110
CSE1L	110
ATIC	110
MGAT2	110
AK5	110
KIAA2013	110
TMBIM6	110
CLCN3	110
SLC25A1	110
VPS4A	110
FLII	110
TM9SF4	110
VTA1	110
C5orf15	110
CHP1	110
CYP1B1	110
UCHL1	110
NDUFS8	110
COA6	110
STX8	110
TUBG1	110
ANXA7	110
ATE1	110
EXT2	110
AP3M1	110
ARHGEF17	110
PGK1	110
PIH1D1	110
CLPTM1L	110
PHACTR2	110
TMOD3	110
LONP2	110
RPS6KA4	110
MAT2B	110
DENND1A	110
ERAP1	110
GPN1	110
PDCD1	110
BCAP29	110
SLC39A14	110
CYB5R3	110
RNF125	110
PTP4A2	110
RCC1	110
MLC1	110
KIAA0087	110
SLC35F6	110
LIN7C	110
PRPS2	110
UBE2L3	110
CCDC115	110
DUT	110
DIP2A	110
MPV17	110
PITPNB	110
BCAP31	110
LYRM4	110
PGAM5	110
DLD	110
TIMM9	110
EIF4EBP1	110
ARAP2	110
PEX14	110
PEX26	110
EMC10	110
UCP2	110
ISOC1	110
NDUFB10	110
DENND4C	110
AIFM1	110
VMA21	110
TOR1AIP1	110
NSDHL	110
DDX19A	110
CLUH	110
SMIM12	110
DNAJB9	110
TIMM17A	110
NUDT19	110
TATDN1	110
CACYBP	110
DNAJC1	110
PHPT1	110
ZPR1	110
SERPINB8	110
G6PC3	110
CUTA	110
ANKRD27	110
EI24	110
LANCL1	110
SMS	110
UBASH3B	110
SYNRG	110
ACBD5	110
SOS1	110
BTK	110
VPS18	110
PTPN4	110
TINF2	110
POGLUT1	110
NOMO1	110
FKBP2	110
FNTA	110
MAT2A	110
SUMF2	110
NDUFS3	110
ETHE1	110
SCO1	110
PRSS23	110
NDUFC1	110
TCTN3	110
COA4	110
NDUFA9	110
VPS26B	110
SCRIB	110
PMPCB	110
LRRK1	110
PLXND1	110
ZC3H7A	110
RNH1	110
PCK2	110
ACSS1	110
HADH	110
PDSS2	110
CLIC3	110
RAP1B	110
ACAD9	110
REEP5	110
ZDHHC7	110
TMEM9B	110
TMEM106B	110
VKORC1L1	110
COX10	110
RIF1	110
CIAO1	110
STIM1	110
SCAMP3	110
NMT1	110
SACM1L	110
RWDD1	110
PLD2	110
FH	110
OGFOD1	110
SIPA1L3	110
STOML2	110
PRKD3	110
SLC25A46	110
CSNK1G1	110
LAMTOR5	110
URM1	110
CLPP	110
VPS54	110
ASGR2	110
UBIAD1	110
ALDH3A2	110
VEZT	110
TWF2	110
ANKRD40	110
PMPCA	110
PTPN7	110
PTPN22	110
MPG	110
PYCR2	110
LSM12	110
SLC25A15	110
SLC25A22	110
TMEM131	110
ARPC5L	110
SMCR8	110
CHCHD10	110
RALA	110
FAF1	110
TTC1	110
CISD3	110
IRF2BP1	110
NLRP2	110
OTUD4	110
YIF1A	110
CASP2	110
DDRGK1	110
MAVS	110
NEU1	110
AP1G1	110
PPA1	110
PDPR	110
PFDN1	110
ACAA2	110
VDAC3	110
SYT1	110
MGAT1	110
TIMM50	110
UMPS	110
DHCR24	110
EBP	110
CERS6	110
PDHA1	110
SERPINB2	110
MLST8	110
ATXN3	110
RPUSD2	110
NHLRC2	110
GCLM	110
DPY19L1	110
GHITM	110
SYT11	110
NME1	110
PTPN23	110
VWA5A	110
SDHC	110
CAPN1	110
HPRT1	110
HAX1	110
CYP51A1	110
HCCS	110
TBCA	110
LAMA2	110
HSD17B4	110
GLRX3	110
PDE3A	110
TUBA1C	110
MYO1E	110
TES	110
SIGMAR1	110
TP53RK	110
GOLGA7	110
PGM1	110
ATAD3A	110
COA3	110
DNAJA1	110
TPP1	110
TTC5	110
SNF8	110
SYAP1	110
NDUFB4	110
QDPR	110
URGCP	110
PDCL3	110
ENTPD7	110
UGDH	110
PPP1R14B	110
ST13	110
MAGED2	110
EPB41L3	110
DRG2	110
MAPKAPK3	110
METAP1	110
HSPE1	110
PDXK	110
ATP6V1E1	110
NME4	110
TAB1	110
TICAM1	110
CAV1	110
CTPS2	110
MAD2L2	110
SMPD4	110
SLC16A1	110
SH2B3	110
TBCE	110
UBXN2A	110
CIAPIN1	110
TFAM	110
SMAD7	110
PHLDB2	110
ALDOC	110
SGPL1	110
PTGES2	110
SARS2	110
ACTR2	110
MBTPS1	110
HEATR6	110
LYRM2	110
BAG5	110
DARS2	110
EPN1	110
PRMT2	110
FDPS	110
MSMO1	110
DNPEP	110
LTK	110
MTFP1	110
TOR3A	110
LPCAT1	110
FARSB	110
BLOC1S3	110
FDX1	110
HMGB3	110
ARL2BP	110
AHCY	110
SLC25A12	110
SDHD	110
DUSP10	110
DLG4	110
UROD	110
KLHL28	110
DES	110
SLC43A3	110
CNPY2	110
HS3ST3B1	110
HSPG2	110
PVR	110
ATP1B1	110
RHOBTB2	110
SBNO1	110
NDUFAF4	110
SNX12	110
FBXO45	110
NCDN	110
PITRM1	110
HMGN5	110
FSCN1	110
SH3BP4	110
DBN1	110
STK24	110
VAV2	110
PTPN18	110
PLAA	110
ARHGAP17	110
ROMO1	110
TMSB10	110
TMEM70	110
TOR1A	110
MYO1D	110
OXCT1	110
UQCR10	110
PFAS	110
TMEM33	110
RFK	110
VAC14	110
CDC42BPB	110
CTDSP1	110
EMC1	110
HMGCS1	110
ALDH1B1	110
HCFC2	110
JAM3	110
PARD3	110
BRI3BP	110
DNAJC9	110
FAM110A	110
NDUFA11	110
PRKAA1	110
DPP9	110
TMEM14C	110
LRFN2	110
GPAM	110
PBDC1	110
AIMP2	110
YME1L1	110
KIDINS220	110
MTMR2	110
XPNPEP1	110
ZDHHC5	110
JAGN1	110
TMX1	110
FAM162A	110
ELP5	110
GRPEL1	110
ALDH1A1	110
ALDH2	110
PCMT1	110
ARHGEF6	110
UTRN	110
ERLIN2	110
NUBP2	110
CPA5	110
AGPAT3	110
METTL9	110
PRKCSH	110
C8orf33	110
LYRM7	110
ATXN2L	110
NDUFA2	110
NDRG1	110
FAM110C	110
SUN1	110
SYNE3	110
VCAM1	110
RAB9A	110
PLOD3	110
PEF1	110
CERK	110
PIGK	110
FBXO28	110
CRTC3	110
PNKD	110
FXYD6	110
GPX4	110
NKIRAS2	110
UFM1	110
TARS2	110
SYNE2	110
TMEM192	110
FNDC3A	110
AGAP1	110
CLN3	110
TIMMDC1	110
SUMF1	110
INPP4A	110
SNX9	110
ALG2	110
NUS1	110
AHCYL1	110
PSMD4	110
ECHS1	110
TUBB4A	110
ACAT1	110
SFXN1	110
DST	110
COQ9	110
MPRIP	110
PDIK1L	110
PRKAG1	110
SEMA4C	110
NTPCR	110
FXN	110
GRPEL2	110
IDH3B	110
ELOVL1	110
RAP1GAP	110
HEXA	110
AASDHPPT	110
COX8A	110
WRAP53	110
VPS11	110
PANX1	110
TNF	110
TOMM40L	110
NRXN2	110
SORBS2	110
GSTO1	110
PFKL	110
SH3PXD2A	110
NDUFA10	110
HINT2	110
CDC25B	110
ALDH16A1	110
APLP2	110
BZW2	110
PI4K2A	110
AP4E1	110
COQ5	110
PEX11B	110
EIF5AL1	110
PRELID1	110
GSS	110
GPX7	110
SFXN3	110
INPP5E	110
ENOPH1	110
VPS33A	110
COX15	110
LAMB2	110
NT5C3B	110
PEX13	110
CLPTM1	110
MPI	110
TIMM44	110
PEX2	110
SMDT1	110
BCKDHA	110
IL4I1	110
STK38	110
AKAP5	110
CHPF2	110
PIP4K2C	110
CCDC167	110
PFDN2	110
PGRMC2	110
ACP2	110
AP3S1	110
USP11	110
GIPC1	110
MYO1C	110
PTPN2	110
MFF	110
PFDN6	110
VEGFB	110
DCXR	110
MTR	110
ITGB1BP1	110
LRRC8A	110
CISD1	110
WDR81	110
CBFA2T2	110
UQCR11	110
NID1	110
OGFOD3	110
RDX	110
CHMP4A	110
AHCYL2	110
PRLR	110
ACVR1	110
SLITRK5	110
ETFB	110
THG1L	110
EFNB1	110
CD151	110
TYW3	110
HMCES	110
TIMM22	110
EHHADH	110
MTHFR	110
MTRR	110
AGPAT5	110
RMDN3	110
ACVR2B	110
ARAF	110
IGFBP4	110
DCTPP1	110
RABL3	110
SIRT6	110
MTHFD1L	110
CRTC1	110
SLC30A7	110
CLTB	110
TULP3	110
SLC9A6	110
SYTL2	110
TIPRL	110
SCAF8	110
GCAT	110
ILVBL	110
NAA20	110
PDZD11	110
ABCA2	110
DDIT4	110
SPATA5	110
REEP6	110
SLC25A4	110
PPP2R2B	110
GFPT1	110
METTL2A	110
NHLRC3	110
PYGB	110
ATG10	110
BECN1	110
MINK1	110
CASP3	110
BCAT2	110
SC5D	110
SQLE	110
BCL2L13	110
PRKAB1	110
IRAK2	110
TLR3	110
SCAF4	110
ATG5	110
AP3B1	110
DENND5B	110
MTMR11	110
SCARB1	110
METTL2B	110
ARV1	110
PCYOX1	110
METTL18	110
PAFAH1B3	110
PRX	110
ASPSCR1	110
DERA	110
EVC2	110
DNPH1	110
MON1B	110
KCTD5	110
BLVRA	110
HMOX1	110
MTAP	110
RHOF	110
PHACTR4	110
PLOD1	110
CHM	110
ATPAF1	110
NASP	110
GRAMD1B	110
RTN1	110
ACSL5	110
NDUFV3	110
BAG2	110
ARHGEF5	110
ATP13A1	110
TTC39C	110
ARMC6	110
TPCN2	110
COX5B	110
RDH13	110
LIME1	110
PARP11	110
LYPLA2	110
AP2A2	110
CYTH3	110
CSNK1G3	110
EDC4	110
DEPDC1B	110
PPM1H	110
IPO9	110
ADCK2	110
APEH	110
UQCRQ	110
ST3GAL5	110
ECE2	110
PNPO	110
NDUFS1	110
DUSP3	110
TBC1D5	110
ABCD3	110
PRICKLE3	110
SLC38A10	110
ACADSB	110
PCCB	110
TBCD	110
LANCL2	110
BOLA3	110
CAMSAP2	110
CISD2	110
NUDCD2	110
ETFA	110
VRK3	110
SLC25A11	110
FBN2	110
PRG2	110
EPS8L2	110
FEZ1	110
COL5A3	110
RTKN	110
OSGEP	110
SUGT1	110
AKAP1	110
WDR37	110
NMT2	110
WDR6	110
GAS6	110
MFGE8	110
EHD3	110
SNAP29	110
RAB39A	110
KCTD15	110
CRTAP	110
TRIM47	110
LDLRAP1	110
GOLT1B	110
SOAT1	110
PEX19	110
SLC35B1	110
FADS1	110
QRSL1	110
NUBP1	110
GNPAT	110
ISOC2	110
CHMP6	110
ACVR1C	110
ACVR2A	110
PIK3R4	110
GAPVD1	110
TOR1B	110
PRKY	110
TRAP1	110
MRS2	110
PTPN13	110
PDCL	110
EMD	110
ALDH6A1	110
EVC	110
CNNM4	110
GLDC	110
IDI1	110
TRPM7	110
CPNE8	110
TMEM87A	110
SERPINH1	110
LRBA	110
NDUFAF3	110
UPRT	110
BAX	110
PEMT	110
SLC27A4	110
BAK1	110
UBXN8	110
MDM2	110
AFAP1L2	110
CCZ1	110
BIN2	110
CHN2	110
GMDS	110
FOXRED2	110
MGST3	110
IL32	110
PHLDA3	110
CNP	110
NHEJ1	110
DYRK4	110
MUL1	110
SLC35B2	110
ATAD1	110
RIN2	110
C6orf120	110
PGLS	110
TBL2	110
CLPX	110
CORO1B	110
IPO13	110
SLC39A4	110
TMIGD2	110
EMC8	110
PIGU	110
SASH1	110
TRMT10C	110
ASL	110
ATPAF2	110
ACADM	110
LLGL2	110
RAB5B	110
ITPA	110
FAM207A	110
SCD	110
DNAJC11	110
MVD	110
MTMR6	110
GLA	110
CALCOCO2	110
PDE6D	110
TUBGCP4	110
C2CD5	110
MYO19	110
FAM83G	110
FRS2	110
ARL2	110
ADD3	110
DBT	110
VAPA	110
SQSTM1	110
MLH1	110
TTL	110
UBAC2	110
FAM136A	110
LAMC1	110
MYOF	110
BRMS1	110
ANKFY1	110
PDIA5	110
BSCL2	110
GCH1	110
SNX8	110
CUEDC2	110
LRRC8D	110
PRICKLE2	110
BCAT1	110
OXR1	110
ME1	110
GATC	110
C6orf89	110
ALOX15B	110
PLD4	110
GGPS1	110
ACER3	110
NIPSNAP1	110
ROCK2	110
RAB29	110
MARS2	110
KCTD12	110
NDUFC2	110
PREPL	110
RALGAPB	110
FOXRED1	110
FAM117B	110
WDR4	110
ARHGAP31	110
ATG13	110
REXO2	110
CBR1	110
PTRHD1	110
RBL2	110
TP53BP1	110
FAT4	110
PECR	110
DUSP5	110
RMDN1	110
TMUB1	110
FDXACB1	110
FXR1	110
CD99L2	110
MPEG1	110
PPM1K	110
HIRIP3	110
CLIC5	110
VBP1	110
GGCX	110
CERS2	110
TSPAN17	110
NBPF3	110
PPIL3	110
ALAD	110
MAPKAPK5	110
WASL	110
CDC73	110
PFDN4	110
SNX14	110
PHGDH	110
PTRH2	110
TMEM223	110
UQCRHL	110
STEAP3	110
RDH11	110
APIP	110
RYK	110
TRABD	110
HMGCL	110
SSH1	110
ENO4	110
PTX3	110
PPAT	110
RIN1	110
PID1	110
KCNQ1	110
CD34	110
ABHD12	110
ALKBH3	110
PHKB	110
ALDH9A1	110
RPS6KC1	110
ARMC8	110
PDRG1	110
BNIP2	110
OAT	110
UGP2	110
PDLIM5	110
MSLN	110
ARMCX3	110
SLC25A10	110
ANG	110
SLC35B4	110
LZTFL1	110
PUS1	110
PREP	110
DPH2	110
EARS2	110
EXOSC4	110
MGAT5	110
MLYCD	110
RALGDS	110
RFWD3	110
STK17B	110
RAB34	110
SCD5	110
STX6	110
UCK1	110
AGFG2	110
RGS3	110
MYO6	110
DBI	110
IVD	110
MGST2	110
ICAM2	110
MAGEF1	110
COX6A1	110
TMEM41A	110
TBC1D10A	110
THOP1	110
FNIP2	110
CTSW	110
PDXP	110
TCP11L1	110
VAMP2	110
LRRC42	110
MPC1	110
TACO1	110
PAK6	110
CTH	110
OPA3	110
CRLS1	110
C12orf57	110
SLC18A3	110
ADCK1	110
JKAMP	110
ACE	110
ZMAT3	110
CYBRD1	110
TBC1D17	110
TIMM23	110
ABHD15	110
RASGRF1	110
GNB1L	110
ABCC1	110
PAK4	110
CCDC50	110
TELO2	110
SEMA3G	110
TNPO1	110
PTDSS2	110
C14orf119	110
PSAT1	110
TMEM102	110
PAFAH1B2	110
ZC3H12C	110
TRMT2B	110
NADK2	110
MTX2	110
UBXN7	110
CRY1	110
EIF4G3	110
CDK18	110
CLCC1	110
GATM	110
CCDC28B	110
FPGS	110
STK25	110
WEE1	110
DHODH	110
NIF3L1	110
USP42	110
NUBPL	110
INPP5D	110
FMNL3	110
TESK1	110
TGFBR1	110
GPRC5D	110
RABGGTA	110
PDXDC1	110
EPS8L1	110
SMPD1	110
HYLS1	110
CNKSR1	110
C3orf38	110
TGDS	110
ULK3	110
HPS6	110
HIGD1A	110
ARL15	110
GNPDA2	110
HMGXB3	110
PRPSAP1	110
UNC45A	110
GK5	110
GPD2	110
CDC14A	110
TMEM97	110
SNAP47	110
ELP2	110
SNTB2	110
NDUFA1	110
NFS1	110
RSPRY1	110
PRAM1	110
TMEM161A	110
OSBPL3	110
DHCR7	110
MPLKIP	110
WHAMM	110
CD320	110
UCKL1	110
SLFN11	110
CSTA	110
SDHAF2	110
FLT3LG	110
TMEM184C	110
EREG	110
PI4K2B	110
SPTSSA	110
KLRF1	110
METTL8	110
RND1	110
FAM120C	110
GHDC	110
PRUNE2	110
RAB3A	110
NDUFA6	110
ITGB6	110
USP8	110
TEX2	110
HSCB	110
DNM1	110
FARS2	110
USP45	110
CARD9	110
CHCHD4	110
SUCLA2	110
PARS2	110
MOCS2	110
PPP3CC	110
FBP1	110
PIGW	110
CORO2A	110
GABARAP	110
SLC4A7	110
LGMN	110
TXNIP	110
FSD1	110
TPRN	110
MBTPS2	110
C1orf131	110
PPP1R11	110
AP5M1	110
BET1	110
C1orf21	110
DLST	110
RTKN2	110
FBXO34	110
PRR15	110
COX11	110
EBAG9	110
NXT2	110
PRSS3	110
ST6GALNAC6	110
PPP1R2	110
METTL6	110
ERMP1	110
ELOVL6	110
SIMC1	110
BDH1	110
DENND4B	110
SGPP1	110
ACOT7	110
GGCT	110
ATOX1	110
RRAGC	110
FLAD1	110
SPHK2	110
CSGALNACT2	110
NCR3LG1	110
LMTK2	110
ACAT2	110
USP48	110
PARP3	110
BCKDHB	110
LIG4	110
BMPR1A	110
RSC1A1	110
COASY	110
GOLPH3L	110
COX17	110
IGFBP7	110
OSBPL9	110
LARS2	110
ABHD17B	110
HACL1	110
GUSB	110
GDPD5	110
CDCA7L	110
GABRB3	110
MT1X	110
TRAF3IP3	110
QPRT	110
ANKS6	110
CHRDL1	110
MYH14	110
SRI	110
EGFL7	110
DNAJC30	110
ITGA3	110
UROS	110
PALLD	110
LRRC27	110
NINJ2	110
TPRKB	110
UPP1	110
DMXL1	110
PYCR1	110
BMP8B	110
EVI5L	110
BCKDK	110
RNF214	110
CHST10	110
ARFGEF1	110
PLCH2	110
MCCC1	110
VPS33B	110
ZFYVE28	110
FZD7	110
ISCA2	110
ERAP2	110
CALM3	110
CNNM3	110
OCRL	110
POMGNT2	110
PEX12	110
LIPT1	110
BTBD3	110
HLCS	110
TWF1	110
ADPGK	110
SNAPIN	110
ACOT4	110
KYNU	110
STIM2	110
FNTB	110
ALDH4A1	110
HS3ST3A1	110
ZNHIT2	110
WARS2	110
COX18	110
DESI1	110
PTCRA	110
FICD	110
GPHN	110
MAD2L1BP	110
VPS41	110
FAHD1	110
ATG12	110
COL5A1	110
TIMM17B	110
PACS2	110
SLC24A4	110
ARHGEF10L	110
TBC1D2	110
GGA2	110
ABCD1	110
COL4A2	110
GPATCH2L	110
ENPP3	110
KRT86	110
COQ3	110
DGCR6L	110
ABHD14B	110
NANP	110
CROT	110
SURF1	110
ILKAP	110
RMND5B	110
NDUFB1	110
MPV17L2	110
HIGD2A	110
TTC9C	110
TBC1D9B	110
MPV17L	110
COLEC12	110
CORO7	110
COX14	110
CNST	110
PGGT1B	110
NUDT2	110
FAM219A	110
ADI1	110
ACSL6	110
AXL	110
CDH2	110
DENND1C	110
EML1	110
ENTPD6	110
WDSUB1	110
TMEM205	110
COA7	110
DLC1	110
ARL4D	110
VPS25	110
MEST	110
SERPINF1	110
SCAND1	110
TARBP2	110
ATP6V1G1	110
STX1A	110
ANKRD34A	110
EHD1	110
NANS	110
CDIPT	110
DCLRE1C	110
LURAP1L	110
KLHL18	110
PPP1R35	110
BRD9	111
INO80E	111
AADAT	112
OGDHL	112
NKG7	113
PRF1	113
GZMA	113
GZMB	113
KIR2DL3	113
KIR3DL2	113
LCK	113
PTPRCAP	113
IL2RB	113
SMARCA4	113
PARP1	113
XRCC6	113
BAZ1B	113
TOP2B	113
CD2	113
CD3E	113
CD5	113
CD6	113
CD3G	113
MZB1	113
TNFRSF17	113
HCFC1	113
PBRM1	113
ERBB2	113
PDGFRB	113
KLRC1	113
CD7	113
SET	113
SUB1	113
BANF1	113
MDC1	113
NCAM1	113
SETD1A	113
CBX5	113
KLRD1	113
ALKBH5	113
TRIM28	113
KPNA3	113
RBBP4	113
EP400	113
TRRAP	113
TRAT1	113
SKAP1	113
SMARCB1	113
ATM	113
DYRK2	113
FYN	113
APOBEC3C	113
FASLG	113
GZMH	113
SMARCD1	113
PAG1	113
ABL1	113
SH2D1B	113
RABL6	113
NCOR2	113
SMARCC1	113
RUVBL2	113
BRD2	113
BRPF1	113
PIK3R1	113
SUMO3	113
RBBP7	113
CBX6	113
ID2	113
SLAMF6	113
GTF3C1	113
GTF3C2	113
TMEM214	113
LAT	113
ZAP70	113
CD3D	113
HIPK2	113
APEX1	113
KPNA6	113
PRKCQ	113
RASGRP1	113
GMPR	113
GUK1	113
ITPR3	113
PLCG1	113
NT5M	113
USP12	113
DCK	113
MED1	113
KIR3DL1	113
DDB1	113
BCOR	113
ZFR	113
PRKDC	113
PPRC1	113
CD247	113
ZMYM4	113
CBFB	113
BAHD1	113
CSNK2A1	113
CASP10	113
SERPINB9	113
CDK4	113
IRF2BP2	113
NCOR1	113
GNLY	113
MTA2	113
TDP1	113
CD28	113
ARID1B	113
KIR2DL1	113
CDK6	113
RUVBL1	113
HINT1	113
CD27	113
CSNK2A2	113
CTBP1	113
PDE4D	113
MAP4K1	113
TXLNA	113
TNIK	113
UBE2I	113
RAPGEF1	113
NFRKB	113
ADD1	113
GRAP2	113
LNX2	113
INO80	113
PRMT6	113
DAXX	113
NACC1	113
MEN1	113
WDR5	113
ARHGEF1	113
PPP1R8	113
KAT6B	113
MAP2K5	113
SH2D1A	113
UBTF	113
DLG1	113
NET1	113
SUMO2	113
CBX3	113
GTF3C4	113
EID1	113
YES1	113
SMARCE1	113
FGFR1	113
SIRT2	113
BCL7B	113
ITPR1	113
SBF1	113
ATN1	113
DOK2	113
SIT1	113
HAVCR2	113
ITGB7	113
SIN3A	113
TNRC6C	113
BRD7	113
HDAC1	113
SMARCAD1	113
DDB2	113
USP24	113
CCDC85B	113
CAAP1	113
MAPK9	113
ADAM15	113
GTF3C6	113
SH2D2A	113
THUMPD1	113
HMGB1	113
PPP3CB	113
PNMA1	113
CD52	113
SLA2	113
CRKL	113
KCNA3	113
APPL1	113
HDAC2	113
ZMYM3	113
ARHGEF18	113
RHOH	113
MRFAP1L1	113
THRAP3	113
DDX1	113
OSBP	113
KDM1A	113
ITK	113
MED14	113
USP16	113
ASXL1	113
FAM102A	113
AUTS2	113
SMARCC2	113
ATR	113
CD2AP	113
PIK3R2	113
TESPA1	113
RTCB	113
RRAS2	113
MAPK1IP1L	113
STK39	113
BCL9L	113
POLR3A	113
POLR3H	113
BDP1	113
ARID1A	113
TNRC6A	113
NCR1	113
ZMYND11	113
SLC16A7	113
SNTA1	113
SUZ12	113
POLRMT	113
SMIM3	113
SS18	113
SMARCD2	113
WRNIP1	113
ARL6IP4	113
MED24	113
PPP2R1B	113
CTLA4	113
ATRX	113
ASF1A	113
WDR76	113
YEATS2	113
RAD54L2	113
EFCAB14	113
MLLT10	113
ACTL6A	113
ANP32E	113
RANBP3	113
DNAJC24	113
EHMT2	113
SLAMF7	113
SMARCA5	113
LIG3	113
SMARCAL1	113
LY9	113
SMARCA2	113
TOPBP1	113
KLRC2	113
MED29	113
PPM1L	113
DDX41	113
HDLBP	113
MCRS1	113
MEAF6	113
LDOC1	113
PEG10	113
KIR2DL4	113
RING1	113
UBAP2L	113
CDR2	113
TAF1B	113
MTA1	113
DEK	113
POLR1D	113
TTC3	113
HCFC1R1	113
CHD9	113
MDGA1	113
POGZ	113
ZMYM2	113
ENTPD5	113
THEMIS	113
KEL	113
XK	113
IL12RB1	113
LBH	113
ITGA6	113
ABI2	113
CCND3	113
CDKN2A	113
PRKCA	113
MED28	113
POLR2A	113
RTF1	113
CD109	113
MDGA2	113
CD8A	113
GTF3C3	113
AKT2	113
MED15	113
PYGO2	113
NCK1	113
ALKBH1	113
SREK1IP1	113
PPARGC1A	113
EHMT1	113
BCR	113
ACTR8	113
C5orf24	113
MED16	113
MED19	113
ITPKB	113
CBX4	113
RPS6KB1	113
TTI1	113
MYO9A	113
PHLPP2	113
TBC1D9	113
XYLT2	113
PMF1	113
MALT1	113
CHD1L	113
PDCD5	113
ELP4	113
PRR5L	113
CYP2S1	113
AGAP2	113
UNC5B	113
MED6	113
CNOT2	113
RAB4A	113
MBIP	113
GTF3C5	113
APTX	113
TMEM51	113
KLRB1	113
NPAT	113
JAK1	113
TADA3	113
NCOA6	113
EPHA4	113
IL10	113
HDAC3	113
AKT3	113
SUMO1	113
SLC39A11	113
BCL7C	113
AARS2	113
BRD3	113
CABLES2	113
MCPH1	113
RCN2	113
POLD1	113
GNPTAB	113
CITED2	113
NRIP1	113
LTBP4	113
NELL2	113
POLG	113
CCNC	113
PHC3	113
MAP3K10	113
KDM5A	113
FDFT1	113
BCL2	113
HEPACAM2	113
MTA3	113
TXK	113
ZC3H14	113
SUV39H1	113
ZCCHC17	113
KDM4A	113
NCK2	113
PPARGC1B	113
EPC2	113
XPNPEP2	113
KAT5	113
RB1	113
PDCD2	113
PIP4K2B	113
L3MBTL2	113
ADO	113
CBX1	113
PIAS3	113
ZMIZ2	113
FAM217B	113
UXT	113
CD40LG	113
PPP1R13B	113
TRIM68	113
INO80D	113
PHC1	113
CD48	113
SLTM	113
POLR3GL	113
BCL9	113
SMAD2	113
PHF10	113
SENP1	113
RPS6KB2	113
KCTD1	113
CCL28	113
CCR7	113
TADA2A	113
CD8B	113
EIF4ENIF1	113
SLC4A1AP	113
IGLL5	113
KANSL3	113
BRK1	113
MORF4L2	113
YEATS4	113
METTL16	113
GNE	113
ITPRIPL1	113
RNF8	113
SOCS4	113
LIN9	113
RBL1	113
APEX2	113
VARS2	113
FBRSL1	113
PEAK1	113
PIK3R3	113
MOAP1	113
CDKN2B	113
PIAS2	113
ARHGAP32	113
CDCA4	113
MORF4L1	113
MACF1	113
IL15	113
CASP8AP2	113
ABHD17A	113
TNK1	113
HDAC6	113
DGKZ	113
ARHGEF7	113
SSBP3	113
ABLIM1	113
MAF1	113
TLE1	113
CIPC	113
NCKAP1	113
IL6ST	113
POLR3E	113
MDFIC	113
MRM1	113
TLE2	113
POLE	113
AGPAT1	113
SH3BP5	113
OTUD7B	113
APH1A	113
POLR3D	113
CAMK2D	113
MRFAP1	113
FAM111B	113
PRRC2C	113
ICOS	113
HS6ST1	113
RASSF1	113
VPS72	113
ERCC8	113
TLK1	113
ABI3	113
TRAF4	113
GZMK	113
HELQ	113
USP9Y	113
ANKRD50	113
NSD1	113
ACADVL	113
KATNA1	113
THUMPD3	113
HOPX	113
FIBP	113
TSPAN3	113
EML3	113
FAM90A1	113
HCST	113
MAGEH1	113
BMI1	113
RHEB	113
ZDHHC16	113
MAP3K7	113
GNPTG	113
ABL2	113
LZTS2	113
RBM41	113
OCLN	113
RAD51D	113
IL10RA	113
CDK2AP1	113
MIER2	113
SAMSN1	113
MNAT1	113
ACTR6	113
C1orf216	113
POLR3B	113
PMS1	113
RABEP1	113
TNKS1BP1	113
MED17	113
SUDS3	113
LRP12	113
B3GAT1	113
KALRN	113
RAD18	113
PAM	113
SLC27A1	113
AFAP1	113
SYNPO	113
SPECC1L	113
TRAF2	113
RCAN3	113
RAD9A	113
TADA1	113
CPM	113
TYW1	113
DCLRE1B	113
PLCD4	113
UQCC1	113
DENND6A	113
USP46	113
POLR2M	113
EIF4EBP2	113
RECK	113
PLCD1	113
SCML1	113
GNB5	113
CD226	113
TRIM35	113
IL12RB2	113
BAP1	113
BRF1	113
NTMT1	113
EPPK1	113
RASGRF2	113
IFT27	113
FASTKD5	113
POLR3K	113
IL15RA	113
MCF2L	113
NRCAM	113
ADIPOR2	113
TAS2R41	113
MEGF8	113
ZNHIT1	113
ORC3	113
ORC2	113
NPTXR	113
C2orf49	113
FANCE	113
FKBP11	113
RNF170	113
PARP2	113
DAB1	113
ERCC2	113
MTO1	113
FANCM	113
PPP1R9A	113
HLTF	113
OGG1	113
FCAMR	113
PPHLN1	113
IMPACT	113
TRIB3	113
MED20	113
TAS2R60	113
MED21	113
ABCB8	113
CD69	113
METTL5	113
POLR3F	113
PIK3C2B	113
C12orf45	113
PIAS4	113
SWAP70	113
ERCC5	113
FAM204A	113
GLDN	113
UNC5A	113
DNMT3B	113
ATXN7L3	113
SERGEF	113
VGLL4	113
TNFRSF13B	113
TNFRSF13C	113
HIRA	113
GLCE	113
LACC1	113
LTBP3	113
RTP5	113
TNFRSF18	113
PDCD6	113
TCF19	113
XRCC1	113
SHPRH	113
CNR1	113
ARVCF	113
ERBB3	113
KLRC4	113
CCDC120	113
DDX3Y	113
APOBEC3A	113
RPGRIP1L	113
MSL2	113
TNFRSF10A	113
TOP1MT	113
NEK4	113
OR3A2	113
SGCE	113
MCM8	113
TSPYL6	113
CNNM1	113
GATAD1	113
YARS2	113
SAP30	113
GRB14	113
DVL1	113
SAMD3	113
LAG3	113
PKLR	113
PSPH	113
GLP1R	113
PPIG	113
RABEP2	113
TEK	113
PPP1R26	113
EEF2K	113
CCDC134	113
MED18	113
DUSP8	113
COPRS	113
BRMS1L	113
NTN1	113
FAM50B	113
LIG1	113
CACNB1	113
IWS1	113
PLIN2	113
NUDT14	113
PTK7	113
SNAPC3	113
KANSL2	113
WDR48	113
MED13	113
PHLDB3	113
SETD5	113
TIRAP	113
PLEKHA1	113
PEX11A	113
WDR92	113
MERTK	113
PKN3	113
NUDT16L1	113
ANGPT1	113
DAPK3	113
ANAPC15	113
BLCAP	113
TNKS	113
GABPB2	113
CFDP1	113
HIF1AN	113
ZMYND19	113
IDI2	113
NEK3	113
ABCD4	113
ING1	113
SCAI	113
SIRT3	113
SLC12A2	113
VIPR2	113
UBR3	113
ENC1	113
GTPBP3	113
FAM114A2	113
C4orf46	113
EML2	113
MMAB	113
CADM4	113
BRPF3	113
SMYD4	114
SMYD5	114
B3GALT5	115
FUT1	115
ADHFE1	116
LIPC	116
ADAMTSL2	117
SEMA5B	117
TOX	118
TOX2	118
CD79A	119
CD79B	119
CD19	119
MS4A1	119
CD72	119
VPREB3	119
FCRLA	119
CD22	119
BLNK	119
CR2	119
FCER2	119
MUC20	119
MUC4	119
CD40	119
AK3	119
PDE7A	119
ADK	119
MUC16	119
PTCD3	119
BLK	119
GALNT8	119
MRPS25	119
B3GNT3	119
PDE8A	119
DCAF8	119
GALNT13	119
C17orf80	119
TRMT61B	119
FARP1	119
PDE3B	119
ANKRD36BP1	120
KRT20	120
BMPR1B	121
RGMA	121
NOG	121
RGMB	121
NEO1	121
ENO2	122
ENO3	122
GLYCTK	122
CDC20	123
RRM2	123
HLA-DQA2	123
HLA-DRB5	123
COPA	123
DYNC1H1	123
CD74	123
HLA-DRA	123
SEC31A	123
CCNB2	123
TXNDC11	123
MCM3	123
NCAPD2	123
KIF15	123
KIF20B	123
PSMC2	123
BIRC5	123
CCND2	123
PTCH1	123
MKI67	123
TPX2	123
CENPE	123
SMC4	123
KIF11	123
BUB1	123
CEP55	123
ESPL1	123
CCNA2	123
LMAN1	123
KPNA2	123
CENPF	123
TOP2A	123
CDK1	123
RCC2	123
KIFC1	123
TMED10	123
ARCN1	123
NUMA1	123
PLK1	123
CKAP5	123
PDS5A	123
PSMA5	123
PSMB2	123
CTSC	123
TMED2	123
SPTAN1	123
TMED9	123
RPA1	123
SHCBP1	123
PSMD8	123
COPB2	123
FEN1	123
TK1	123
CEP250	123
ATG14	123
PCM1	123
SEC24A	123
SURF4	123
COPZ1	123
HJURP	123
KDELR1	123
PSMC3	123
PPP2R1A	123
BUB1B	123
DLGAP5	123
UBA2	123
ANLN	123
VPS51	123
SMC3	123
PSMA4	123
PSMA6	123
PSMD3	123
AK1	123
BRD4	123
RAVER1	123
MCM5	123
TRAPPC1	123
GBF1	123
PPP1CC	123
RFC1	123
SNX3	123
MCM4	123
PSMA1	123
ASPM	123
PSMC4	123
PSMD2	123
CCNB1	123
HLA-DPA1	123
KIF14	123
CTDSPL	123
TTC7B	123
PSMA7	123
CDC6	123
CHD6	123
PSMC5	123
USO1	123
CDC45	123
SMC2	123
HLA-DPB1	123
SMC5	123
CCDC6	123
NUDC	123
ALMS1	123
PPP2R5C	123
PSMD1	123
COPG1	123
DCTN1	123
SLC39A9	123
DTL	123
NEK2	123
CDCA5	123
NUSAP1	123
STIL	123
KIF4A	123
MLLT6	123
COPB1	123
AURKA	123
RRM1	123
SPTBN1	123
PAFAH1B1	123
CDK5RAP2	123
MCM6	123
SPC24	123
CLASP2	123
ANAPC16	123
GTSE1	123
PSMB7	123
PCNT	123
SEC23B	123
CAPZB	123
SEC23IP	123
GOSR1	123
SCFD1	123
KIF18B	123
TRAPPC10	123
GALNT2	123
AXIN1	123
DYNC1I2	123
TPST2	123
SAR1B	123
CEP128	123
ZWINT	123
PSMB4	123
POLD2	123
COPE	123
RAD50	123
ARL5A	123
YKT6	123
NEDD1	123
SFI1	123
TUBGCP6	123
PSMD7	123
MCFD2	123
HLA-DMA	123
CEP70	123
POLE3	123
ORC1	123
HMMR	123
HLA-DQB2	123
SEC24C	123
NCAPH	123
PSMD11	123
BRCC3	123
NSMCE2	123
RAB6A	123
KIF13B	123
PSMB6	123
PPP2R5D	123
EXO1	123
CCSER2	123
KIFAP3	123
ATAD2	123
PCNA	123
SCLT1	123
KIF18A	123
SKA2	123
RAD17	123
LPXN	123
LIMD1	123
CDCA7	123
MIB1	123
MELK	123
UCHL5	123
CEP290	123
CEP57	123
PSMD14	123
POLA1	123
USP28	123
SUFU	123
FBXO5	123
UBFD1	123
TUBGCP2	123
STX5	123
GPX1	123
SELENBP1	123
PSMG2	123
KIF23	123
OSBPL5	123
DYNLL2	123
TNKS2	123
PSMB1	123
MSH2	123
PTTG1	123
TRIP13	123
NCALD	123
DYNLL1	123
RAB3GAP2	123
WDR7	123
SPAG5	123
POMP	123
FAM210A	123
TNFAIP1	123
DNA2	123
INCENP	123
GPR137B	123
KCTD20	123
SMIM15	123
NCAPG	123
RANGAP1	123
POLQ	123
PPP2R5E	123
STARD9	123
WRN	123
RAB11B	123
LRRC58	123
DCTN4	123
CDCA2	123
BUB3	123
HLA-DMB	123
ARHGAP5	123
DCTN2	123
AURKB	123
SEC23A	123
TICRR	123
DCTN3	123
SPC25	123
GINS2	123
EZH2	123
KIF2C	123
TTK	123
SWT1	123
DEPDC1	123
PSMA2	123
GOLGA4	123
TRAF3IP1	123
COG6	123
BRIP1	123
TMED7	123
HAUS2	123
KDELR2	123
RAB23	123
SLC39A6	123
DCLRE1A	123
MPHOSPH9	123
CHRAC1	123
HAUS6	123
NUP43	123
TFG	123
HELLS	123
ARF1	123
SKA1	123
MAPRE2	123
MCM10	123
UNG	123
CCDC14	123
CCDC18	123
FANCI	123
RACGAP1	123
PKMYT1	123
ARPP19	123
RAB2B	123
RAB6B	123
NCAPD3	123
B4GALT3	123
ARL4C	123
LMAN2	123
TSPYL1	123
BET1L	123
SLC30A5	123
MAPRE1	123
ARF5	123
PMS2	123
DIAPH3	123
PPP2CA	123
BLM	123
CENPM	123
CIT	123
CETN2	123
BARD1	123
CIZ1	123
SAR1A	123
TYMS	123
SPDL1	123
ANP32B	123
WDHD1	123
CENPO	123
CCDC43	123
AMZ2	123
TMEM14B	123
ADRM1	123
DVL3	123
CKAP2L	123
PRIM2	123
TRAPPC6A	123
KIF1C	123
GALNT1	123
CTSO	123
CDT1	123
KIF20A	123
CCDC88C	123
ARHGAP11A	123
SLC30A6	123
TMED3	123
CDC25A	123
ACTR1A	123
POLE2	123
RAB1B	123
TXNL1	123
FZD2	123
TIPIN	123
SETD3	123
MAN2A1	123
SSNA1	123
OFD1	123
PLBD2	123
SIKE1	123
PSMB5	123
RIC8A	123
UBQLN4	123
DSC1	123
GOSR2	123
TMEM248	123
BIRC6	123
RNASEH1	123
POLE4	123
CDCA3	123
CD86	123
CDKN1A	123
NF1	123
CDCA8	123
CLSPN	123
MARK4	123
XPO1	123
CEP135	123
MAD2L1	123
MZT2B	123
SPRED2	123
PSMG1	123
UBE2C	123
PDS5B	123
TAOK1	123
FANCF	123
RAD51C	123
RBBP8	123
CDKN3	123
SDCCAG8	123
KANK2	123
CHEK1	123
ZCCHC8	123
ARL1	123
TUBB4B	123
SLC39A7	123
EGLN3	123
RECQL	123
USP1	123
HLA-DOA	123
MED4	123
BRCA2	123
SECISBP2L	123
BIRC3	123
LTB	123
PSMD5	123
SSX2IP	123
EFR3A	123
PLK4	123
IFT52	123
ERCC1	123
CTNNBIP1	123
ESCO2	123
CSNK1A1	123
DCTD	123
TBC1D31	123
TEX9	123
CSPP1	123
TRIP11	123
PALB2	123
GPATCH1	123
NAAA	123
HOOK1	123
PSMD10	123
SLC30A1	123
MMS22L	123
ORC6	123
KIFC3	123
ERCC4	123
ZMAT2	123
LIMS1	123
TIMELESS	123
RBM12	123
CEP78	123
DBF4	123
MPND	123
CREG1	123
CCDC91	123
TESC	123
ARFGAP2	123
PSMC1	123
NSF	123
ARF4	123
ARF3	123
KIF3A	123
CCNG1	123
CENPP	123
PPCS	123
C2CD3	123
GLCCI1	123
FUT8	123
CCNE1	123
CKS2	123
PAXIP1	123
TNFSF12	123
RPIA	123
PBK	123
SIL1	123
DVL2	123
CLASP1	123
DYNC1LI2	123
PSME3	123
RAD1	123
ATP9A	123
IFT74	123
ARFGAP1	123
ARFGAP3	123
CAMSAP1	123
CNTRL	123
TRAF3	123
CCDC69	123
CHEK2	123
AMER1	123
ZWILCH	123
PARPBP	123
DCTN5	123
INSIG1	123
PTPRF	123
ACTR1B	123
CHAF1B	123
DYNLRB1	123
KIF21A	123
CCP110	123
WDR11	123
GINS4	123
USP20	123
DTYMK	123
ITGB3BP	123
HLA-DOB	123
HUS1	123
NUF2	123
NCAPG2	123
TMED5	123
PSMD9	123
KIF16B	123
GOPC	123
SLX4	123
KIF3B	123
CENPI	123
RSF1	123
CEP76	123
TTBK2	123
PRIM1	123
HMGXB4	123
ODF2	123
FAM83H	123
CEP350	123
LIN52	123
NBAS	123
MCM7	123
DNAJA2	123
FHL2	123
USP34	123
COG2	123
RAB30	123
CENPU	123
SLC30A9	123
PSMD12	123
RAB3IP	123
VPS45	123
CLIP2	123
TRAPPC2L	123
ADAP1	123
RHNO1	123
CMAS	123
SEC22C	123
MAD1L1	123
ESCO1	123
STAG1	123
ANKIB1	123
SEC13	123
SASS6	123
ULK2	123
NDC80	123
KLC3	123
HAUS1	123
CHST14	123
CNTROB	123
COG7	123
TSC2	123
RNF216	123
TTYH2	123
TRAPPC9	123
KIF2A	123
HAUS4	123
CCDC66	123
NSMCE1	123
ZSWIM7	123
ABHD14A	123
UBE2T	123
TROAP	123
DSN1	123
ETAA1	123
CCND1	123
CHPF	123
CDKN2AIP	123
NINL	123
TTC38	123
TNFSF9	123
GOLGA5	123
WNT1	123
ORC5	123
VPS26A	123
RAD51	123
NSMCE4A	123
PRC1	123
MAP7D3	123
RNF168	123
RAB22A	123
SERINC3	123
FUT11	123
NAPG	123
SCFD2	123
RFC4	123
CNIH1	123
CEP120	123
RAPGEF6	123
NETO2	123
ABCF3	123
NAP1L4	123
ELP6	123
ACTR10	123
COPG2	123
KIAA1328	123
GCLC	123
GFOD1	123
DCTN6	123
ZC3HC1	123
FKBP3	123
CENPH	123
DEPDC5	123
WDR24	123
OSBPL1A	123
TTF2	123
MAN1C1	123
CKAP2	123
ELOF1	123
CDC25C	123
SLAIN2	123
RMI2	123
XRCC2	123
TMEM171	123
PSMC6	123
ABCB1	123
USP30	123
GCC2	123
PAAF1	123
USE1	123
TDG	123
F8	123
GOLIM4	123
SPRED1	123
NOTCH3	123
CCDC102A	123
CENPL	123
MAP3K14	123
TRAPPC4	123
MIS18A	123
EAF2	123
RNF144A	123
TUBGCP5	123
TMED4	123
C1orf174	123
CEP41	123
CENPW	123
HOMER3	123
BNIP1	123
PRR14L	123
WDR62	123
TRAPPC11	123
ENSA	123
PDGFD	123
CASK	123
HDDC3	123
CCDC77	123
SLC39A3	123
FAM53B	123
NTHL1	123
NPHP4	123
MED26	123
PUM2	123
PPP2CB	123
LRFN3	123
OARD1	123
CABLES1	123
AMOT	123
MASTL	123
CEP85	123
AKAP9	123
STEAP1	123
ANKLE2	123
ZW10	123
KNSTRN	123
GINS1	123
ATP8B2	123
ACD	123
RINT1	123
HAUS7	123
MT2A	123
MYO18B	123
FBF1	123
KIF22	123
STX18	123
PTGES3	123
CENPN	123
PCMTD2	123
KIF26A	123
CACTIN	123
CASP6	123
CHAF1A	123
PLEKHA2	123
GMNN	123
MT1E	123
RFC3	123
MLH3	123
ABRACL	123
LTA	123
LRRC61	123
CYB5R1	123
RAB15	123
GPALPP1	123
PMCH	123
MIS18BP1	123
CEP95	123
USP37	123
HAUS3	123
POC1A	123
TCHP	123
METTL23	123
LYPLA1	123
TTC28	123
GPRASP1	123
CEP192	123
HAUS5	123
MAN1A2	123
DLG5	123
PALD1	123
SMC6	123
HSPB11	123
PSD3	123
KLHL12	123
NAGLU	123
KLC2	123
CDC7	123
PARG	123
SECISBP2	123
SEPSECS	123
CCDC92	123
KIF21B	123
FAM3A	123
TNFSF11	123
ATAD5	123
TRAPPC13	123
ANKRD26	123
PRICKLE1	123
MIS12	123
STMN2	123
BORA	123
SCOC	123
MPC2	123
GABPB1	123
TMEM170A	123
FAM43A	123
DOK6	123
RBPMS	123
PLA2G7	123
POLK	123
IFT122	123
C9orf16	123
RUSC1	123
LCA5	123
PIBF1	123
TSGA10	123
IFT140	123
PPFIBP1	123
METTL15	123
KLHL23	123
HERC2P2	123
KPNA5	123
MAN1B1	123
TBC1D13	123
CDK11B	123
B9D1	123
SHH	123
WRAP73	123
COPZ2	123
COG8	123
SEC22A	123
CHML	123
PMEPA1	123
SPINT2	123
CYB5A	123
ASCC1	123
WDR89	123
TCEAL2	123
DHFR	123
LCMT1	123
RAB9B	123
KLHL8	123
POC5	123
AVEN	123
ALS2CL	123
KNTC1	123
ZGRF1	123
HDAC8	123
NUDT3	123
TNFRSF11A	123
KCNJ6	123
SERTAD1	123
OAF	123
BPNT1	123
FANCC	123
PHKG2	123
AKTIP	123
ALOX12	123
PTGS1	123
OTUB2	123
USP21	123
CEP68	123
IFT46	123
NAB2	123
TMEM67	123
CD70	123
MAN2A2	123
TTLL5	123
KIF19	123
TCTEX1D2	123
NME6	123
DAAM1	123
ACP5	123
RILP	123
CCNYL1	123
RAD54B	123
LEMD3	123
DMC1	123
NUDT9	123
ATP6V0A2	123
MKS1	123
RAD51AP1	123
C2orf42	123
MAST4	123
HTRA4	123
NEURL1B	123
ZFAND1	123
PIF1	123
RASSF8	123
NLGN4Y	123
TUBGCP3	123
TRAPPC6B	123
DYNC1I1	123
PSMG3	123
LMAN2L	123
NSL1	123
PDGFRA	123
ANKK1	124
TTC12	124
BCAR1	125
ELMO1	125
L1TD1	126
TSEN34	126
GAPDHS	127
RASGEF1B	127
CTNND1	128
FER	128
DAAM2	129
KRTAP10-7	129
COL3A1	130
POSTN	130
KCNMB1	131
KCNN3	131
LY6K	132
OPCML	132
CP	133
SLC11A2	133
GPR37	134
MTNR1A	134
INSL5	134
ADCY2	134
ADCYAP1R1	134
GLP2R	134
ADRA1B	134
CCL11	134
IAPP	134
GNGT1	134
OR9Q1	134
OR6S1	134
OR7A17	134
OR2M2	134
OR2M5	134
OR4C16	134
OR5M11	134
ADRB3	134
CELA3A	135
CPA1	135
N4BP2L2	136
WNT4	136
SF3B3	137
PTBP1	137
HNRNPD	137
NONO	137
PRPF19	137
SYNCRIP	137
HNRNPR	137
RANBP2	137
SNRNP40	137
PRPF8	137
MATR3	137
SSRP1	137
SNRNP200	137
CPT1A	137
SLC25A20	137
GPATCH8	137
RNPS1	137
WBP11	137
HNRNPF	137
SF3B2	137
HNRNPL	137
SFPQ	137
XPOT	137
LSM14A	137
DHX9	137
PRMT1	137
SNRPC	137
SUPT16H	137
SF3B4	137
TRA2B	137
HNRNPM	137
NUDT21	137
KHSRP	137
KHDRBS1	137
HNRNPUL1	137
CPSF3	137
ALYREF	137
PRPF6	137
RPRD2	137
RAN	137
HNRNPH1	137
TCERG1	137
GLTP	137
KIAA1143	137
DDX46	137
GEMIN5	137
NAA50	137
NUCKS1	137
DCPS	137
ILF3	137
SRSF3	137
RBM8A	137
PHAX	137
DNAJC8	137
TAF15	137
SNRPB	137
NCOA5	137
DDX42	137
SUPT6H	137
NUP188	137
U2SURP	137
PRCC	137
NUP155	137
SEH1L	137
AQR	137
HNRNPA0	137
POLR2K	137
TCEA1	137
SNRPD1	137
URI1	137
SNRPA	137
PUF60	137
PRPF4	137
SNRPA1	137
SRRM1	137
PRPF31	137
NUP160	137
NUP205	137
SNRPB2	137
CNOT7	137
CSTF1	137
HNRNPDL	137
SNRPD2	137
SMU1	137
LSM4	137
HMGN1	137
HNRNPK	137
GTF2F1	137
FYTTD1	137
POLR2B	137
SNRPF	137
SF3A2	137
RNMT	137
NUTF2	137
POLR2D	137
NCBP2	137
ATRN	137
MBNL1	137
POLR2L	137
ZCRB1	137
FAM120A	137
ELAVL1	137
NELFA	137
RBM17	137
RBMX	137
SF3A1	137
ASCC3	137
CPSF2	137
HNRNPA3	137
CNOT1	137
DDX23	137
SF3A3	137
OCIAD2	137
POM121	137
TXNL4A	137
LEO1	137
NAA15	137
SNRPD3	137
CHD4	137
PROSER1	137
DIDO1	137
SRSF1	137
RBM15B	137
RRN3	137
TAF3	137
LSM7	137
SF3B5	137
USP39	137
POLR2G	137
CTNNBL1	137
APOBEC3F	137
SUPT5H	137
PPIE	137
INTS7	137
SNW1	137
EIF4A3	137
CPSF1	137
DHX15	137
SSB	137
HNRNPA2B1	137
POM121C	137
TAF6	137
INTS5	137
SARNP	137
CTR9	137
NUP62	137
ZNHIT6	137
GTF2A2	137
SLC35A4	137
SPATS2	137
CWC27	137
SNX30	137
NUP133	137
SART1	137
NEK9	137
HNRNPU	137
NCBP1	137
TARDBP	137
CLNS1A	137
HTATSF1	137
PRPF38A	137
CSTF2T	137
NUP210	137
CDC40	137
XAB2	137
NABP2	137
THOC2	137
CSDE1	137
NXT1	137
PHF6	137
SNRNP27	137
TAF1	137
WDR61	137
ZC3H18	137
GLE1	137
YLPM1	137
ENY2	137
CHD8	137
HMGB2	137
MTPAP	137
SRSF11	137
TMEM263	137
DHX38	137
APOBEC3B	137
AQP3	137
DROSHA	137
TAF9	137
GEMIN4	137
ATG16L1	137
NELFB	137
LSM2	137
ERH	137
LSM3	137
POLR2F	137
FUS	137
DBR1	137
HSPA13	137
SRRT	137
ERCC3	137
TFIP11	137
PQBP1	137
ZCCHC10	137
PPIL4	137
KANSL1	137
RBM14	137
INTS9	137
TSEN15	137
CCNT1	137
RASA3	137
SNX29	137
GTF2A1	137
CTDSPL2	137
SYMPK	137
APBB1	137
TAF2	137
CHERP	137
GTF2H1	137
GTF2H5	137
INTS1	137
SBK1	137
SNRPG	137
SOGA1	137
CNBP	137
HNRNPC	137
RASAL3	137
SYNGAP1	137
RBMX2	137
CSTF2	137
CWC22	137
XPO4	137
PER1	137
PER2	137
CDC42SE2	137
THOC7	137
COIL	137
STRAP	137
PLRG1	137
PMVK	137
LSM1	137
U2AF2	137
SCAF1	137
MLLT3	137
RBM7	137
NUP107	137
KLRG1	137
C5orf22	137
POLR2E	137
LSM5	137
SPIN1	137
EED	137
PRPF40A	137
WDR33	137
FUBP1	137
APOBEC3D	137
PPIH	137
POLDIP3	137
CPSF6	137
GEMIN6	137
CBLL1	137
ZC3H13	137
TAF8	137
SART3	137
TMEM19	137
SF1	137
IPO8	137
RBM42	137
TGS1	137
SNIP1	137
SLC41A3	137
EAF1	137
NUP93	137
SRSF4	137
ENOX2	137
LSM6	137
ELL2	137
NUFIP1	137
SRSF2	137
AFF4	137
ATXN7L3B	137
TAF11	137
RAE1	137
DCP1B	137
FRYL	137
TCEAL8	137
RALY	137
NUP88	137
USP22	137
PEA15	137
SFMBT2	137
SLC25A36	137
IGSF8	137
DDX20	137
TC2N	137
CDK13	137
MYO1G	137
LEPROTL1	137
RNGTT	137
RPRD1B	137
CDK12	137
ARHGEF9	137
TOB2	137
HMGN2	137
ECD	137
OLFM2	137
KRT10	137
RPRD1A	137
DDX19B	137
DPY30	137
IL7R	137
PRMT5	137
ST6GAL1	137
SRSF6	137
GPKOW	137
LUC7L2	137
INTS2	137
NDC1	137
CNOT8	137
CWC15	137
CHTF8	137
USB1	137
GTF2E2	137
RNF20	137
MBNL3	137
POLR2I	137
GTF2H3	137
BCAS2	137
POLH	137
THOC1	137
TSNAX	137
NFATC2IP	137
CYLD	137
SNRPE	137
CENPK	137
SRSF7	137
CD2BP2	137
CRCP	137
RBM4	137
PDCD7	137
IK	137
RNF113A	137
SRSF9	137
LSM11	137
SNRNP25	137
NAA30	137
EVL	137
XPNPEP3	137
CCDC25	137
RBM22	137
NUP214	137
AAAS	137
CRY2	137
UHMK1	137
PORCN	137
INTS4	137
ATXN7L1	137
SLC44A1	137
TM7SF3	137
AKR7A2	137
UBR5	137
DESI2	137
HS2ST1	137
TRNAU1AP	137
PRRC1	137
NELFE	137
SLC25A32	137
NAA38	137
AGMAT	137
PLEKHA3	137
PPWD1	137
RNF40	137
SIGIRR	137
CCNK	137
GCFC2	137
TNPO2	137
VSIG1	137
TAF13	137
ENPP5	137
PTBP2	137
UPF3B	137
SLC10A7	137
LRRC37BP1	137
NAA25	137
LRRC40	137
DHRS3	137
NDRG3	137
GTF2E1	137
PHF5A	137
CRNKL1	137
TRIM55	137
RBM10	137
WDR45B	137
TAF5	137
GALNT10	137
SUGP1	137
PER3	137
CPSF4	137
TMEM242	137
RPAP2	137
C12orf43	137
CCDC12	137
FAM102B	137
RP9	137
LIPA	137
RBM15	137
RBFOX2	137
FAM168B	137
SNUPN	137
AZIN1	137
DNAJC14	137
TMA7	137
MFAP1	137
WWOX	137
PPIL1	137
NELFCD	137
NAA60	137
C7orf26	137
LAPTM4A	137
VPS13C	137
PPIL2	137
C1orf109	137
NOSIP	137
TAF5L	137
CSTF3	137
TAF9B	137
GEMIN2	137
PPIP5K1	137
WDR77	137
TM2D1	137
EHBP1	137
SNX19	137
SREK1	137
HEATR3	137
ABCB7	137
NRBP1	137
SRSF10	137
BUD13	137
LGR4	137
DYM	137
SLC25A17	137
SLAMF1	137
POLR2H	137
CWF19L1	137
SLC25A42	137
CENPC	137
CAMLG	137
THOC3	137
BIVM	137
HDAC9	137
MSH6	137
BNIP3	137
CLN8	137
EIF1AD	137
NUP85	137
SLBP	137
LDHD	137
WBP4	137
TSSC4	137
DHX35	137
B3GAT3	137
ANGEL2	137
C19orf53	137
NAA35	137
GPR183	137
PRPF40B	137
PRKRA	137
USP43	137
CXCR4	137
SMNDC1	137
C11orf68	137
CMTR2	137
SLU7	137
SYF2	137
NAA40	137
CHTOP	137
MIF4GD	137
SPIN4	137
GPN2	137
TCEA3	137
KLHL24	137
SCARA3	137
INIP	137
DPF2	137
CALM2	137
RYR1	137
COPS5	137
MIR34A	137
MIRLET7C	137
CCDC137	137
RASD1	137
SNORD88C	137
SH3TC1	137
FBXO8	137
MVK	137
STAC3	137
GTF2H4	137
TMEM101	137
PNPLA7	137
FAM107B	137
TADA2B	137
TNFRSF21	137
SMIM20	137
TIMM10	137
PABPN1	137
DGCR8	137
BCDIN3D	137
SLC35A3	137
RDH10	137
GTF2F2	137
PCID2	137
FBXO46	137
TSPYL4	137
ABHD10	137
SLC7A6OS	137
FANCG	137
MUC3A	137
TAF4B	137
AGO1	137
C1orf35	137
INTS10	137
TAF4	137
KCNMA1	137
DPH5	137
GPATCH2	137
TSC22D2	137
MAGOHB	137
NKAP	137
C5orf51	137
DHX16	137
RWDD4	137
INTS12	137
C1orf162	137
TAF10	137
EMC2	137
RAPH1	137
CDK5RAP1	137
KPNA4	137
HIBADH	137
CCNJ	137
PM20D2	137
IBA57	137
IRGQ	137
ABCD2	137
NIPAL3	137
C19orf47	137
SLC35F2	137
C1orf159	137
GMFB	137
TMX3	137
GINS3	137
SMG9	137
NAA16	137
MIOS	137
MUC1	137
METTL14	137
MIR107	137
NUP37	137
SAP130	137
MEX3D	137
SAYSD1	137
POLR3G	137
TMCO4	137
SLIRP	137
HSPA14	137
FCGBP	137
HRH4	138
TAS1R3	138
CENPJ	139
TUBG2	139
CDON	140
IHH	140
ADAMTS14	141
THSD4	141
SLC35B3	142
SLC35C2	142
MPPE1	143
PLXNA2	143
MRPS33	144
MRPS27	144
NOA1	144
DAP3	144
MRPL19	144
OXA1L	144
MRPL3	144
MRPL37	144
CDV3	144
TUFM	144
C1QBP	144
MRPS10	144
MRPL53	144
MRRF	144
MRPL23	144
MRPL49	144
MRPL10	144
MRPL30	144
MRPS34	144
MRPL17	144
MRPS30	144
GRSF1	144
KCTD10	144
MRPL4	144
MRPS35	144
MRPL20	144
MRPS2	144
MRPL45	144
MRPS23	144
MRPL15	144
MRPS18B	144
MRPL28	144
MRPL54	144
MTIF2	144
MRPL51	144
MRPL47	144
TRUB2	144
MRPL11	144
MRPS12	144
MRPL41	144
GADD45GIP1	144
MRPL57	144
MRPL14	144
MRPL43	144
MRPL48	144
COQ4	144
MRPL12	144
GFM1	144
MRPS16	144
MRPL40	144
MRPL38	144
MRPL18	144
MRPL24	144
MRPS22	144
MRPS15	144
MRPL2	144
MRPS7	144
REEP3	144
ERAL1	144
MRPS28	144
MRPL9	144
TSFM	144
MRPL42	144
MRPL34	144
MRPL44	144
MRPL35	144
MRPL52	144
MRPL50	144
MRPS11	144
CHCHD1	144
MRPS5	144
MRPL32	144
MRPS21	144
MRPS26	144
MRPL27	144
RPUSD4	144
MRPL55	144
MRPL46	144
DUSP11	144
MRPL39	144
MRPL33	144
FASTKD2	144
TIA1	144
OR7D2	144
AURKAIP1	144
MRPS18A	144
RPUSD3	144
MARCKSL1	144
ACOT2	144
GUF1	144
MRPS18C	144
FASTK	144
MRPS31	144
EPHX2	144
SNCG	144
GFER	144
VPS16	144
MRPL36	144
AKR1B10	145
NOS2	145
ACTA2	146
MAML3	146
CRYAB	147
IQGAP3	147
TAS2R19	148
TAS2R5	148
KRT24	149
KRT75	149
KRT19	149
KRT85	149
LDHAL6A	150
ME3	150
EDNRB	151
MLN	151
AKR1C3	152
SRD5A3	152
MPDU1	152
UGT2B15	152
DOLK	152
DPAGT1	152
ALG3	152
CLDND1	152
DPM3	152
PIGV	152
GMPPB	152
SCCPDH	152
PIGN	152
ALG10	152
ALG5	152
GMPPA	152
ALG1	152
DIABLO	152
POMK	152
ZDHHC8	152
POMGNT1	152
FKRP	152
TMEM39B	152
POMT1	152
ALG11	152
TDRD6	153
TDRKH	153
